KODE,%CHG,CHG,CLOSE,PREV,HIGH,LOW,HIGH DATE,LOW DATE
KARW,568,284,334,50,334,50,2024-03-21,2024-01-03
FORU,500,675,810,135,810,130,2024-02-28,2024-01-02
SRAJ,470,1410,1710,300,1715,238,2024-03-19,2024-01-16
MKAP,303,349,464,115,472,150,2024-05-27,2024-02-12
LABA,260,130,180,50,184,50,2024-05-13,2024-01-02
VISI,207,248,368,120,370,110,2024-05-28,2024-02-29
SSIA,160,696,1130,434,1245,370,2024-05-13,2024-01-16
CLAY,154,200,330,130,360,86,2024-03-08,2024-01-25
BSWD,149,1855,3100,1245,3100,1245,2024-04-03,2024-01-02
DSSA,147,117700,197700,80000,212000,77000,2024-05-28,2024-01-02
GMTD,118,2812,5200,2387,5225,2387,2024-01-24,2024-01-02
UNIQ,111,240,456,216,486,187,2024-04-25,2024-01-15
SURE,107,1180,2280,1100,2300,1100,2024-05-22,2024-01-02
NASI,104,80,157,77,195,50,2024-05-20,2024-01-26
AMMN,97,6350,12900,6550,15000,6250,2024-05-28,2024-01-05
GPSO,95,117,240,123,262,115,2024-04-19,2024-02-06
RSCH,93,114,236,122,262,121,2024-04-18,2024-01-05
CLEO,89,635,1345,710,1370,640,2024-05-28,2024-01-24
FWCT,89,67,142,75,173,66,2024-05-21,2024-02-12
CYBR,81,178,398,220,420,176,2024-05-17,2024-01-12
DATA,81,152,340,188,458,230,2024-05-15,2024-05-07
EURO,81,134,300,166,304,97,2024-05-28,2024-02-07
TPIA,73,3825,9075,5250,9475,3210,2024-05-27,2024-01-15
GULA,70,226,550,324,585,300,2024-05-22,2024-01-19
PSAB,68,60,148,88,214,88,2024-04-01,2024-01-02
PPRI,67,55,137,82,147,51,2024-05-28,2024-04-02
PEVE,65,110,280,170,280,163,2024-05-28,2024-01-04
DOID,62,218,570,352,585,320,2024-05-16,2024-02-23
GRIA,59,72,194,122,197,100,2024-05-28,2024-01-12
PTRO,58,3050,8300,5250,9850,3940,2024-05-16,2024-04-01
SATU,56,56,156,100,173,99,2024-04-26,2024-01-02
JECC,56,1350,3780,2430,4360,1490,2024-05-03,2024-02-28
ASPI,52,72,210,138,214,128,2024-05-28,2024-01-10
ESSA,52,275,805,530,860,490,2024-05-20,2024-01-31
BREN,51,3775,11250,7475,12200,3930,2024-05-17,2024-01-15
SUNI,50,200,600,400,680,320,2024-05-21,2024-02-13
SURI,48,78,242,164,750,159,2024-02-19,2024-01-12
PDPP,47,185,575,390,600,350,2024-05-22,2024-01-09
SHID,47,305,955,650,2900,625,2024-01-22,2024-01-04
KOKA,46,23,73,50,104,50,2024-01-31,2024-01-02
JARR,45,112,360,248,580,199,2024-03-20,2024-02-01
PGAS,45,505,1635,1130,1640,1090,2024-05-28,2024-02-29
MEJA,45,46,149,103,195,93,2024-03-21,2024-02-12
FOOD,45,46,149,103,165,85,2024-05-27,2024-01-25
INPP,44,320,1040,720,1160,550,2024-02-26,2024-01-25
NICE,44,192,630,438,1295,438,2024-03-19,2024-01-09
TINS,43,280,925,645,1095,520,2024-04-22,2024-03-01
WAPO,41,37,128,91,160,84,2024-03-20,2024-01-03
BBSS,41,32,111,79,150,60,2024-03-21,2024-02-06
MARK,40,245,855,610,1000,590,2024-05-13,2024-01-02
MANG,40,40,140,100,232,60,2024-04-24,2024-01-17
KING,40,42,147,105,186,106,2024-01-19,2024-01-02
PNLF,39,104,368,264,410,242,2024-05-28,2024-03-07
MASA,39,1490,5300,3810,5650,3350,2024-04-19,2024-02-06
MHKI,39,62,222,160,585,136,2024-05-03,2024-04-16
PBID,38,510,1835,1325,2020,1325,2024-05-20,2024-01-02
LIVE,38,56,204,148,208,145,2024-05-28,2024-03-13
KKGI,37,137,505,368,530,286,2024-05-28,2024-03-27
MTWI,36,27,101,74,114,67,2024-05-17,2024-02-20
SMIL,36,44,165,121,184,102,2024-03-15,2024-01-24
DAYA,36,104,392,288,430,252,2024-03-15,2024-01-10
NETV,36,21,80,59,88,31,2024-05-17,2024-04-02
SIDO,34,180,705,525,750,492,2024-04-25,2024-01-24
LAPD,33,2,8,6,10,5,2024-01-16,2024-03-25
BRIS,32,550,2290,1740,2960,1710,2024-03-14,2024-01-02
ARII,30,66,284,218,360,190,2024-03-05,2024-02-29
ALII,30,82,354,272,895,268,2024-02-23,2024-02-07
MAIN,30,155,670,515,695,470,2024-05-27,2024-01-09
MAYA,27,68,324,255,408,149,2024-03-25,2024-01-24
WINS,26,105,505,400,555,350,2024-05-03,2024-02-21
VAST,26,16,77,61,85,56,2024-04-24,2024-01-19
KLAS,26,22,106,84,113,63,2024-05-21,2024-02-21
BALI,26,215,1040,825,1550,790,2024-03-28,2024-01-03
CMRY,25,1015,5025,4010,5325,3600,2024-05-14,2024-01-31
AREA,24,32,163,131,186,96,2024-05-17,2024-04-03
SNLK,24,125,640,515,655,462,2024-05-28,2024-02-02
TOTL,23,88,464,376,525,374,2024-05-14,2024-01-02
ITMA,23,160,850,690,980,580,2024-04-02,2024-01-03
BBSI,23,840,4500,3660,4730,3330,2024-03-27,2024-01-29
BIKE,22,88,486,398,640,350,2024-04-01,2024-02-13
ELIT,22,19,105,86,126,81,2024-03-28,2024-04-23
MEDC,22,255,1410,1155,1635,1105,2024-04-16,2024-02-06
EXCL,22,440,2440,2000,2650,1985,2024-05-13,2024-01-02
TKIM,22,1600,8900,7300,8950,6125,2024-05-21,2024-02-01
IFII,22,33,186,153,199,142,2024-01-09,2024-01-04
DIGI,20,2,12,10,22,8,2024-01-30,2024-01-03
RCCC,20,24,144,120,187,112,2024-03-19,2024-02-05
TRGU,20,35,212,177,228,145,2024-02-19,2024-05-02
MBMA,20,110,670,560,730,476,2024-01-19,2024-03-21
LEAD,19,12,74,62,88,58,2024-05-07,2024-01-24
OPMS,19,10,62,52,74,50,2024-05-21,2024-03-26
TYRE,19,23,146,123,159,99,2024-05-20,2024-01-15
ARKO,18,130,835,705,1315,655,2024-03-04,2024-01-16
INCO,18,790,5100,4310,5200,3610,2024-05-20,2024-02-19
SGER,18,98,640,542,675,462,2024-01-30,2024-05-06
KMDS,18,76,500,424,510,412,2024-04-23,2024-01-24
ASBI,18,125,825,700,990,625,2024-05-08,2024-01-25
CASS,18,160,1060,900,1250,730,2024-05-06,2024-01-10
TALF,18,50,332,282,442,264,2024-04-22,2024-01-16
ADMF,17,1900,12850,10950,14300,10850,2024-04-02,2024-01-02
DSNG,17,95,650,555,715,490,2024-04-03,2024-02-15
MAHA,17,33,226,193,236,163,2024-05-27,2024-02-23
INDO,17,15,104,89,127,88,2024-05-13,2024-01-25
IKPM,17,34,236,202,332,202,2024-04-24,2024-01-02
RUNS,17,8,56,48,67,46,2024-03-27,2024-01-02
MTPS,17,2,14,12,18,5,2024-05-20,2024-03-28
CTTH,17,2,14,12,17,12,2024-02-02,2024-01-02
JPFA,17,195,1375,1180,1475,1055,2024-05-17,2024-01-24
CNTX,16,20,142,122,142,122,2024-04-30,2024-01-02
ULTJ,16,260,1860,1600,2070,1565,2024-05-07,2024-01-26
BSBK,16,8,59,51,64,46,2024-02-15,2024-03-25
WIFI,16,24,178,154,189,128,2024-05-20,2024-04-02
INKP,15,1275,9600,8325,10000,7600,2024-04-24,2024-01-23
MFMI,14,85,700,615,705,476,2024-05-17,2024-04-19
DEWI,14,8,67,59,81,57,2024-05-22,2024-01-02
PSGO,14,18,151,133,164,127,2024-03-05,2024-01-08
ADRO,13,310,2690,2380,2970,2320,2024-05-13,2024-01-23
HEXA,13,700,6075,5375,6400,5375,2024-03-22,2024-01-02
PADI,12,1,9,8,10,7,2024-03-22,2024-01-09
ACES,12,90,810,720,995,710,2024-04-25,2024-01-02
AGII,12,190,1710,1520,1835,1480,2024-04-22,2024-02-27
SILO,12,270,2450,2180,2720,1960,2024-05-07,2024-01-05
ISAT,12,1125,10500,9375,12250,9225,2024-02-29,2024-01-03
GOLD,12,34,320,286,410,270,2024-04-18,2024-02-12
IGAR,12,52,490,438,510,418,2024-05-17,2024-03-04
PANI,12,575,5475,4900,5975,4280,2024-02-15,2024-01-11
GDYR,11,165,1625,1460,1800,1170,2024-05-27,2024-04-23
KINO,11,135,1400,1265,1505,1075,2024-02-20,2024-02-12
NICK,10,26,274,248,296,242,2024-05-27,2024-01-04
HRTA,10,36,384,348,430,346,2024-04-16,2024-01-09
AMAG,10,30,320,290,366,282,2024-05-06,2024-01-26
MRAT,10,38,408,370,462,320,2024-05-13,2024-01-24
GJTL,10,105,1140,1035,1490,1000,2024-04-01,2024-02-05
TSPC,10,185,2020,1835,2200,1810,2024-01-18,2024-01-02
BOLT,10,70,805,735,1010,695,2024-04-18,2024-05-08
ADMR,9,125,1485,1360,1600,1260,2024-03-01,2024-01-09
CLPI,9,90,1075,985,1100,970,2024-05-13,2024-03-01
WICO,9,11,132,121,132,119,2024-05-03,2024-01-30
BISI,9,145,1745,1600,2200,1470,2024-03-27,2024-01-08
SBMA,9,14,172,158,193,123,2024-01-10,2024-04-01
KEJU,9,100,1255,1155,1390,1125,2024-04-24,2024-02-19
MGRO,9,60,765,705,845,500,2024-05-06,2024-02-16
MFIN,8,240,3160,2920,3220,2900,2024-03-13,2024-01-02
FILM,8,320,4280,3960,6250,3970,2024-02-01,2024-01-02
KUAS,8,4,54,50,60,50,2024-03-19,2024-01-02
KOCI,8,4,54,50,64,50,2024-03-25,2024-01-02
BNGA,8,135,1830,1695,2220,1695,2024-03-28,2024-01-02
MIKA,8,220,3070,2850,3180,2490,2024-05-15,2024-01-17
PGEO,8,90,1260,1170,1500,1075,2024-01-26,2024-04-02
MDKA,7,200,2900,2700,2930,2220,2024-04-17,2024-03-19
MMLP,7,22,320,298,350,258,2024-01-24,2024-04-25
NSSS,7,13,190,177,216,168,2024-04-24,2024-03-07
MYOH,7,125,1845,1720,2130,1655,2024-02-21,2024-01-03
ELSA,7,28,416,388,464,374,2024-05-20,2024-03-06
MSTI,7,100,1500,1400,1590,1085,2024-05-27,2024-03-20
AKRA,7,105,1580,1475,1865,1475,2024-04-16,2024-01-02
CITA,7,140,2250,2110,3500,1850,2024-01-18,2024-01-02
TGKA,7,425,6875,6450,7700,6150,2024-03-13,2024-01-23
MTDL,7,35,570,535,615,505,2024-04-01,2024-01-04
CUAN,6002,13205,13425,220,13750,240,2023-12-18,2023-03-08
CHIP,1319,2110,2270,160,2950,168,2023-11-30,2023-02-08
BREN,858,6695,7475,780,8200,975,2023-12-27,2023-10-09
PANI,416,3950,4900,950,6150,950,2023-12-12,2023-01-02
IBOS,323,278,364,86,494,77,2023-11-28,2023-01-11
AIMS,317,654,860,206,860,179,2023-12-29,2023-07-03
AMMN,286,4855,6550,1695,8350,1700,2023-11-30,2023-07-07
BEEF,276,182,248,66,290,50,2023-12-06,2023-02-10
UNIQ,266,157,216,59,264,54,2023-11-17,2023-04-11
WINE,226,291,420,129,795,147,2023-04-06,2023-01-10
SGER,216,370,542,171,781,95,2023-12-07,2023-04-26
AWAN,208,208,308,100,460,135,2023-06-12,2023-04-18
FMII,194,211,320,109,689,105,2023-06-27,2023-01-30
POLU,188,539,825,286,825,196,2023-09-26,2023-05-03
WIIM,182,1145,1775,630,3850,600,2023-10-31,2023-01-10
BDKR,160,320,520,200,620,204,2023-09-14,2023-03-03
RAAM,146,341,575,234,940,292,2023-06-13,2023-05-08
DRMA,143,835,1420,585,1815,565,2023-08-10,2023-01-05
KAYU,142,71,121,50,685,50,2023-11-30,2023-01-02
BUAH,138,1230,2120,890,2200,825,2023-12-14,2023-02-28
PDPP,132,222,390,168,406,153,2023-12-11,2023-01-24
GTBO,124,231,418,187,1025,106,2023-10-23,2023-03-17
CYBR,120,120,220,100,282,130,2023-08-11,2023-08-08
CASS,116,484,900,416,950,398,2023-12-29,2023-04-17
GTRA,116,174,324,150,380,164,2023-07-13,2023-08-11
IKBI,114,240,450,210,970,196,2023-08-08,2023-03-13
APLI,114,320,600,280,690,198,2023-08-22,2023-01-12
MAPA,113,435,820,385,890,341,2023-10-05,2023-01-27
FILM,107,2050,3960,1910,4020,610,2023-07-28,2023-03-27
TPIA,104,2680,5250,2570,6125,1995,2023-12-28,2023-09-06
MPXL,104,112,220,108,288,104,2023-10-19,2023-06-22
DSSA,101,40200,80000,39800,84000,33950,2023-12-14,2023-04-26
BIKE,99,198,398,200,450,188,2023-08-29,2023-01-10
META,97,117,238,121,322,105,2023-10-04,2023-03-17
HILL,92,1150,2400,1250,4000,1270,2023-05-10,2023-03-01
GJTL,85,475,1035,560,1415,540,2023-07-06,2023-01-11
ALKA,83,220,486,266,1015,266,2023-07-25,2023-01-02
MOLI,81,168,376,208,515,118,2023-09-06,2023-04-17
MASA,80,1690,3810,2120,6000,1985,2023-11-30,2023-01-31
MFIN,76,1265,2920,1655,3120,1605,2023-11-27,2023-02-07
BRPT,76,575,1330,755,1950,710,2023-12-08,2023-06-09
SILO,73,920,2180,1260,2740,1195,2023-11-30,2023-01-31
HRTA,72,146,348,202,580,202,2023-08-10,2023-01-02
JAWA,71,75,180,105,228,62,2023-10-16,2023-09-14
PTMP,68,82,202,120,224,68,2023-04-06,2023-06-08
HOKI,68,70,173,103,204,68,2023-12-01,2023-08-21
PUDP,66,233,585,352,1295,352,2023-06-07,2023-01-02
GMTD,65,937,2387,1450,2387,1450,2023-12-11,2023-01-02
TBMS,64,520,1330,810,1745,720,2023-12-22,2023-04-28
MAHA,64,75,193,118,306,159,2023-08-03,2023-07-25
JSMR,63,1890,4870,2980,4980,2980,2023-12-06,2023-01-02
CFIN,63,190,490,300,750,290,2023-07-26,2023-01-09
MTSM,63,99,256,157,580,146,2023-07-24,2023-03-09
AUTO,62,900,2360,1460,3620,1335,2023-08-10,2023-02-10
INPP,61,274,720,446,730,350,2023-12-18,2023-01-13
SAPX,61,450,1190,740,1345,560,2023-12-29,2023-12-12
IMAS,60,525,1395,870,3370,785,2023-05-12,2023-01-06
TIFA,60,244,650,406,650,370,2023-12-21,2023-08-30
SAMF,59,275,745,470,860,400,2023-06-13,2023-01-11
SSIA,58,160,434,274,545,252,2023-02-06,2023-01-11
NISP,58,435,1180,745,1320,720,2023-07-21,2023-01-05
VOKS,58,81,220,139,234,129,2023-04-10,2023-01-18
SAFE,58,128,350,222,364,140,2023-12-29,2023-09-20
EAST,57,54,149,95,184,93,2023-10-18,2023-01-02
NELY,57,176,486,310,680,292,2023-09-19,2023-01-05
ASPI,55,49,138,89,492,80,2023-10-18,2023-01-06
JSPT,54,455,1295,840,1310,785,2023-12-29,2023-02-08
RDTX,53,4950,14225,9275,17000,9200,2023-01-17,2023-01-05
MIDI,53,148,430,281,530,276,2023-10-11,2023-01-06
TPMA,53,243,705,462,790,374,2023-10-12,2023-03-16
AMIN,52,55,160,105,208,88,2023-12-14,2023-03-17
ISAT,52,3200,9375,6175,10850,5800,2023-10-12,2023-02-10
WEHA,52,57,167,110,192,100,2023-09-12,2023-01-11
INRU,52,340,1000,660,1250,600,2023-01-24,2023-01-06
KDSI,51,590,1740,1150,1780,1005,2023-11-28,2023-03-16
HUMI,51,51,151,100,312,92,2023-08-21,2023-08-09
IOTF,50,50,150,100,180,76,2023-12-08,2023-10-18
BAYU,49,490,1485,995,1750,830,2023-07-12,2023-05-15
GZCO,48,39,120,81,179,73,2023-12-11,2023-01-10
OBMD,45,84,270,186,318,140,2023-08-31,2023-04-17
ACES,45,224,720,496,890,426,2023-10-25,2023-01-19
SATU,45,31,100,69,138,50,2023-10-26,2023-04-11
NOBU,45,229,740,511,870,406,2023-11-30,2023-08-21
SKLT,45,87,282,195,682,178,2023-10-06,2023-03-17
HELI,44,124,404,280,406,70,2023-12-29,2023-11-10
SMMT,43,280,930,650,1305,580,2023-10-17,2023-01-10
BNGA,43,510,1695,1185,1815,1115,2023-08-11,2023-01-06
WOMF,41,106,364,258,500,248,2023-07-12,2023-01-06
NICK,40,71,248,177,302,147,2023-10-27,2023-01-12
JRPT,40,200,700,500,770,466,2023-11-03,2023-01-02
ROCK,40,108,380,272,380,214,2023-11-21,2023-04-05
PKPK,40,102,360,258,398,258,2023-08-03,2023-01-02
NSSS,39,50,177,127,240,114,2023-08-23,2023-10-31
MPRO,39,590,2100,1510,4750,1245,2023-08-04,2023-09-26
BEER,38,84,304,220,414,228,2023-03-29,2023-01-06
AMAR,38,88,320,232,350,198,2023-11-08,2023-01-10
TRON,37,66,246,180,482,190,2023-08-08,2023-03-08
DAYA,36,76,288,212,354,168,2023-11-08,2023-03-27
RAJA,35,365,1410,1045,1770,730,2023-12-19,2023-03-17
BRIS,35,450,1740,1290,1820,1265,2023-04-06,2023-01-02
ADES,35,2500,9675,7175,14125,6375,2023-07-27,2023-03-16
NICL,34,53,208,155,400,145,2023-03-21,2023-10-05
RICY,34,28,111,83,149,69,2023-10-18,2023-03-27
PGEO,34,295,1170,875,1680,595,2023-10-09,2023-04-11
ELPI,34,72,286,214,338,202,2023-11-10,2023-01-06
KAEF,33,362,1445,1083,1935,685,2023-12-20,2023-11-03
SUNI,33,100,400,300,530,260,2023-09-12,2023-06-26
PYFA,32,60,246,186,320,128,2023-12-04,2023-06-16
PJAA,32,230,950,720,1120,605,2023-10-12,2023-03-14
CAMP,31,96,402,306,434,292,2023-12-29,2023-03-16
TSPC,30,425,1835,1410,1930,1340,2023-07-07,2023-03-08
TRIM,30,68,294,226,294,181,2023-12-13,2023-05-26
CRAB,30,66,286,220,298,204,2023-11-22,2023-01-24
SMSM,30,460,1995,1535,2520,1420,2023-10-12,2023-02-15
PLIN,30,620,2700,2080,3900,1940,2023-09-27,2023-03-14
ASBI,30,160,700,540,705,430,2023-12-28,2023-03-16
SRSN,29,15,67,52,81,50,2023-11-30,2023-01-10
INDS,28,545,2490,1945,3750,1870,2023-08-28,2023-01-09
CLEO,28,155,710,555,795,440,2023-12-28,2023-02-14
ATIC,28,108,500,392,565,332,2023-12-29,2023-06-19
VICI,27,140,650,510,800,450,2023-08-21,2023-01-25
PTSN,27,52,244,192,274,179,2023-05-30,2023-03-15
BIRD,27,380,1790,1410,2430,1330,2023-08-09,2023-01-04
EDGE,26,1050,5050,4000,11550,3300,2023-11-24,2023-09-13
IPCC,25,145,715,570,865,530,2023-07-18,2023-01-05
BESS,25,42,212,170,224,124,2023-12-21,2023-10-18
TOTL,25,74,376,302,470,296,2023-05-11,2023-01-12
CTRA,24,230,1170,940,1195,865,2023-08-30,2023-01-06
ELSA,24,76,388,312,460,286,2023-10-30,2023-01-06
MAPI,24,345,1790,1445,2070,1195,2023-08-14,2023-01-10
PANR,24,120,624,504,840,447,2023-09-01,2023-01-10
FAPA,23,1000,5300,4300,5375,4260,2023-11-17,2023-01-03
BUDI,23,52,278,226,280,200,2023-12-29,2023-03-14
ARCI,23,76,408,332,484,308,2023-12-08,2023-10-12
LPKR,23,18,97,79,110,67,2023-07-17,2023-03-16
WINS,23,74,400,326,680,232,2023-09-29,2023-03-24
STTP,23,1725,9375,7650,16900,6800,2023-07-31,2023-02-02
IKPM,22,37,202,165,222,164,2023-11-08,2023-11-13
INOV,22,28,154,126,198,115,2023-09-27,2023-04-10
HOPE,22,11,61,50,63,50,2023-12-19,2023-01-02
BMRI,22,1087,6050,4962,6200,4450,2023-10-05,2023-01-11
ADMF,22,1950,10950,9000,13250,8700,2023-07-21,2023-01-05
BBSS,22,14,79,65,147,50,2023-10-16,2023-07-17
IMPC,21,68,388,320,430,287,2023-06-19,2023-03-21
PTRO,21,920,5250,4330,7650,2810,2023-12-08,2023-10-06
GMFI,21,14,80,66,102,50,2023-08-28,2023-03-21
VKTR,21,21,121,100,147,105,2023-08-11,2023-06-19
SMIL,21,21,121,100,230,97,2023-05-16,2023-11-28
AHAP,21,16,93,77,134,50,2023-10-03,2023-03-21
TRJA,19,44,272,228,410,222,2023-05-03,2023-01-12
KEEN,19,125,775,650,1095,510,2023-09-25,2023-01-20
BLUE,19,56,348,292,525,268,2023-08-18,2023-01-06
CARS,19,16,100,84,122,69,2023-11-03,2023-01-10
SHIP,19,165,1045,880,1510,865,2023-08-25,2023-01-02
FITT,19,82,520,438,665,408,2023-09-04,2023-01-11
ISSP,19,46,292,246,314,228,2023-09-21,2023-01-10
WIFI,18,24,154,130,280,122,2023-06-13,2023-01-27
CMNT,18,165,1070,905,1090,755,2023-09-08,2023-03-14
TUGU,18,152,1020,867,1480,742,2023-07-27,2023-01-05
BSDE,17,160,1080,920,1235,880,2023-07-24,2023-01-06
SUPR,17,5900,39900,34000,41450,33900,2023-02-23,2023-05-19
DCII,17,6175,43000,36825,59050,32850,2023-11-24,2023-09-19
JTPE,17,44,308,264,378,200,2023-10-30,2023-07-27
BBNI,17,762,5375,4612,5425,4212,2023-10-12,2023-01-11
LIFE,16,850,6025,5175,6500,5175,2023-02-06,2023-01-02
MKTR,16,21,150,129,330,111,2023-03-14,2023-08-11
BBRI,16,785,5725,4940,5750,4360,2023-07-27,2023-01-11
BBSI,16,500,3660,3160,3710,2610,2023-12-11,2023-01-16
DOID,16,48,352,304,570,264,2023-10-11,2023-01-12
DILD,16,27,198,171,292,153,2023-07-06,2023-01-05
SMMA,16,1950,14500,12550,15400,10975,2023-10-03,2023-06-09
ALDO,16,125,930,805,935,580,2023-12-27,2023-06-20
ITIC,15,38,300,262,346,236,2023-03-10,2023-01-12
BFIN,14,150,1205,1055,1535,955,2023-06-13,2023-10-26
PEVE,14,21,170,149,270,135,2023-01-25,2023-08-18
MEDC,14,140,1155,1015,1705,840,2023-09-18,2023-05-23
DNET,14,560,4700,4140,4770,3800,2023-12-22,2023-02-16
DEWA,13,7,60,53,93,50,2023-11-01,2023-03-03
GGRM,13,2325,20325,18000,30050,16500,2023-05-10,2023-01-05
ARKO,13,80,705,625,865,468,2023-09-25,2023-01-25
ANJT,12,80,745,665,1025,625,2023-07-12,2023-01-10
PAMG,12,8,75,67,120,50,2023-07-03,2023-03-03
MITI,12,20,190,170,635,149,2023-09-29,2023-03-17
SKRN,12,52,498,446,835,436,2023-07-14,2023-01-09
DUTI,12,480,4620,4140,4950,3940,2023-05-29,2023-01-11
ARTA,11,300,3000,2700,3000,1415,2023-12-29,2023-06-26
MYTX,11,6,60,54,92,50,2023-03-31,2023-02-01
AMRT,11,280,2930,2650,3150,2530,2023-02-01,2023-06-16
MICE,10,55,590,535,945,490,2023-03-29,2023-11-03
JIHD,10,36,388,352,498,302,2023-07-20,2023-04-03
AYAM,10,10,110,100,182,92,2023-12-01,2023-12-01
BBCA,10,850,9400,8550,9450,8000,2023-08-11,2023-01-11
NRCA,10,30,332,302,378,290,2023-09-22,2023-01-10
PGJO,9,7,83,76,110,62,2023-06-22,2023-03-30
DKFT,9,9,112,103,141,76,2023-11-24,2023-05-09
ERAA,9,34,426,392,580,326,2023-02-16,2023-11-09
ULTJ,8,125,1600,1475,2130,1350,2023-07-24,2023-04-06
PSDN,8,7,90,83,187,50,2023-11-22,2023-03-16
PTPW,8,75,975,900,1100,855,2023-06-13,2023-01-06
SOTS,8,26,340,314,510,82,2023-11-21,2023-11-03
BBLD,8,50,660,610,1100,466,2023-07-17,2023-04-10
MYOH,8,130,1720,1590,2130,1360,2023-11-17,2023-08-21
MDKI,8,15,200,185,228,180,2023-08-01,2023-01-13
KMTR,8,20,278,258,308,226,2023-07-31,2023-03-24
KBLI,8,24,338,314,360,284,2023-12-07,2023-01-16
POWR,8,50,710,660,810,645,2023-08-14,2023-01-06
UVCR,7,9,131,122,191,64,2023-09-20,2023-05-29
KBLM,7,18,262,244,396,228,2023-02-16,2023-01-06
SMDM,7,13,194,181,226,150,2023-02-02,2023-01-13
BRMS,7,11,170,159,226,114,2023-09-26,2023-05-26
HMSP,7,55,895,840,1235,780,2023-03-29,2023-01-06
ADMR,1595,1595,1695,100,3140,135,2022-04-20,2022-01-03
BYAN,678,18300,21000,2700,24800,2580,2022-12-28,2022-01-04
PANI,678,827,950,122,2010,111,2022-09-02,2022-01-26
RAJA,474,863,1045,182,1230,161,2022-09-15,2022-01-27
RMKE,323,718,940,222,1215,218,2022-09-09,2022-01-03
KRYA,308,385,510,125,625,86,2022-12-28,2022-08-04
EURO,306,214,284,70,340,69,2022-12-29,2022-08-08
LUCY,253,139,194,55,260,51,2022-08-29,2022-01-05
SINI,229,769,1105,336,1385,188,2022-12-07,2022-11-07
SMMT,222,448,650,202,1365,193,2022-04-26,2022-01-04
SULI,218,109,159,50,228,50,2022-11-30,2022-01-03
BIPI,216,108,158,50,234,50,2022-08-01,2022-01-03
CBUT,216,1490,2180,690,2250,690,2022-12-30,2022-11-08
KONI,207,2050,3040,990,4310,925,2022-01-27,2022-01-04
ZONE,197,816,1230,414,1860,402,2022-06-24,2022-01-19
SHID,195,1520,2300,780,2870,780,2022-12-14,2022-01-03
BMSR,194,508,770,262,1215,191,2022-06-13,2022-04-22
ETWA,189,117,179,62,282,62,2022-10-18,2022-01-03
ENRG,188,192,294,102,404,96,2022-11-08,2022-01-12
RISE,188,718,1100,382,1145,282,2022-11-29,2022-03-21
MRAT,177,489,765,276,950,172,2022-11-28,2022-05-10
TAYS,162,288,466,178,825,167,2022-12-20,2022-01-03
PICO,161,153,248,95,585,67,2022-11-14,2022-02-07
PADA,154,154,254,100,310,94,2022-12-30,2022-12-13
GTBO,149,112,187,75,187,75,2022-12-30,2022-01-03
PANR,148,300,504,203,533,186,2022-12-28,2022-05-13
LION,147,503,845,342,880,300,2022-12-30,2022-05-20
SKRN,146,265,446,181,480,141,2022-11-16,2022-02-11
SDPC,144,196,332,136,396,107,2022-12-27,2022-03-09
BUMI,140,94,161,67,246,50,2022-09-06,2022-03-02
LPGI,139,3400,5850,2450,6200,2450,2022-07-13,2022-01-03
SMKM,135,356,620,264,650,120,2022-12-28,2022-07-20
ABMM,131,1860,3280,1420,4900,1325,2022-09-19,2022-01-28
BUAH,129,502,890,388,1050,388,2022-12-07,2022-08-09
NZIA,125,197,354,157,388,122,2022-12-30,2022-05-11
NICL,125,86,155,69,167,61,2022-12-26,2022-01-26
GLVA,122,355,645,290,650,236,2022-12-22,2022-04-18
SUPR,120,18525,34000,15475,70975,15600,2022-02-23,2022-01-03
ERTX,120,256,470,214,505,172,2022-12-29,2022-05-19
AMRT,118,1435,2650,1215,3090,1020,2022-11-30,2022-01-25
ADES,118,3885,7175,3290,8400,3220,2022-09-06,2022-01-26
MEDC,118,549,1015,466,1225,458,2022-11-08,2022-01-03
ENAK,115,975,1825,850,2330,635,2022-10-17,2022-02-23
INDX,113,141,266,125,570,125,2022-03-29,2022-01-03
MBAP,112,4025,7625,3600,11050,3490,2022-09-15,2022-01-25
SRAJ,111,345,655,310,750,93,2022-12-06,2022-09-23
ARKO,108,325,625,300,835,262,2022-09-22,2022-07-11
PNLF,108,186,358,172,775,166,2022-10-24,2022-03-08
DEWI,108,108,208,100,280,114,2022-10-14,2022-07-18
PGUN,107,417,805,388,945,348,2022-12-29,2022-01-31
CAKK,106,104,202,98,338,79,2022-10-21,2022-03-15
MAPI,104,735,1445,710,1530,700,2022-11-29,2022-01-03
FILM,102,965,1910,945,3100,720,2022-08-11,2022-01-12
PNBN,100,770,1540,770,2790,730,2022-10-24,2022-04-04
PTRO,100,2160,4330,2170,4640,2100,2022-12-23,2022-01-03
LTLS,94,675,1390,715,1645,640,2022-09-08,2022-01-28
MSIN,94,2340,4820,2480,6475,1835,2022-02-21,2022-01-12
SMDR,94,187,386,199,816,178,2022-06-07,2022-01-26
MMIX,92,174,364,190,386,210,2022-12-30,2022-12-09
ITMG,91,18625,39025,20400,45650,19325,2022-10-27,2022-01-03
MCOL,89,3275,6975,3700,7900,3350,2022-10-27,2022-01-06
ESTA,88,90,192,102,595,70,2022-06-20,2022-01-19
HATM,86,138,298,160,505,149,2022-08-16,2022-07-26
FIMP,85,35,76,41,93,39,2022-12-13,2022-01-05
IATA,85,55,120,65,308,56,2022-04-12,2022-01-13
ASBI,84,246,540,294,650,278,2022-09-01,2022-01-26
PNIN,83,565,1245,680,2210,660,2022-10-26,2022-02-08
IBFN,80,43,97,54,97,51,2022-02-09,2022-01-24
BSML,78,152,346,194,2150,181,2022-04-28,2022-01-03
MPRO,78,660,1510,850,1755,595,2022-11-02,2022-10-24
INDY,77,1185,2730,1545,3420,1460,2022-10-05,2022-01-03
STAA,74,445,1045,600,1450,600,2022-08-24,2022-03-10
ESSA,73,385,915,530,1610,430,2022-04-08,2022-01-17
ADRO,71,1600,3850,2250,4250,2110,2022-10-06,2022-02-11
AKRA,70,578,1400,822,1580,685,2022-11-03,2022-02-14
WINS,70,134,326,192,444,136,2022-11-07,2022-05-13
AXIO,69,96,236,140,350,160,2022-09-19,2022-07-20
CARS,68,34,84,50,140,50,2022-09-16,2022-01-03
CSAP,66,323,811,488,966,456,2022-09-08,2022-03-11
BBLD,65,240,610,370,715,366,2022-09-08,2022-01-04
BPII,64,212,542,330,575,332,2022-09-29,2022-01-03
RIGS,63,195,505,310,1040,300,2022-06-24,2022-01-24
BISI,61,605,1600,995,1960,970,2022-05-27,2022-01-25
MINA,60,30,80,50,94,50,2022-12-06,2022-01-03
MKPI,56,14075,39000,24925,46200,16950,2022-12-29,2022-12-22
BNBR,56,28,78,50,98,50,2022-10-25,2022-01-03
SSMS,52,505,1470,965,1605,940,2022-12-14,2022-01-28
RELI,52,231,675,444,945,390,2022-10-19,2022-04-26
MFIN,52,565,1655,1090,1800,1025,2022-09-02,2022-02-24
INCO,52,2420,7100,4680,8800,4240,2022-04-20,2022-01-11
MAPA,52,131,385,254,426,213,2022-11-30,2022-01-26
KKGI,51,131,386,255,753,249,2022-08-11,2022-01-03
GDST,51,51,151,100,266,87,2022-10-27,2022-05-09
PANS,51,645,1920,1275,2190,1235,2022-10-28,2022-01-20
BSBK,49,49,149,100,372,130,2022-12-01,2022-11-09
PSSI,48,193,595,402,865,380,2022-06-07,2022-01-26
KOBX,48,114,352,238,685,230,2022-06-07,2022-01-06
YULE,48,720,2230,1510,2550,1520,2022-06-20,2022-01-03
OBMD,48,60,186,126,515,89,2022-09-29,2022-05-09
WIIM,47,202,630,428,905,360,2022-10-20,2022-01-27
CRAB,47,70,220,150,316,184,2022-08-19,2022-10-19
COAL,46,46,146,100,635,135,2022-09-22,2022-09-07
KEEN,46,204,650,446,910,410,2022-09-19,2022-05-20
DEFI,46,455,1455,1000,1610,1050,2022-01-05,2022-01-03
HEAL,45,480,1550,1070,1680,1010,2022-07-11,2022-02-09
TMAS,42,57,194,137,336,116,2022-06-02,2022-01-10
MORA,41,164,560,396,765,494,2022-08-10,2022-08-08
BMRI,41,1450,4962,3512,5500,3462,2022-12-05,2022-01-05
MIKA,41,930,3190,2260,3400,2080,2022-12-07,2022-01-18
TPIA,40,739,2570,1831,2781,1794,2022-04-12,2022-01-06
BAPA,40,27,95,68,222,66,2022-08-05,2022-01-04
RDTX,38,2575,9275,6700,10000,6700,2022-11-09,2022-05-20
IMPC,38,88,320,232,384,231,2022-08-11,2022-01-03
BRMS,37,43,159,116,304,99,2022-06-16,2022-01-17
BBNI,37,1237,4612,3375,4975,3350,2022-12-01,2022-01-03
PTBA,36,980,3690,2710,4630,2600,2022-06-02,2022-01-03
APLI,36,74,280,206,300,170,2022-12-30,2022-07-19
CASA,36,190,720,530,915,510,2022-08-19,2022-01-07
INDR,35,1470,5650,4180,13625,3990,2022-06-15,2022-01-28
WAPO,35,65,250,185,308,91,2022-12-13,2022-07-04
MIDI,34,72,281,209,463,181,2022-12-02,2022-03-09
AMAN,34,180,705,525,730,498,2022-10-24,2022-07-07
FAPA,34,1090,4300,3210,4560,3170,2022-08-04,2022-01-28
MICE,33,133,535,402,600,336,2022-08-09,2022-02-24
KMDS,32,141,575,434,775,388,2022-07-27,2022-03-18
AHAP,33,19,77,58,165,42,2022-09-06,2022-07-04
ENZO,32,16,66,50,79,50,2022-04-06,2022-01-03
PSKT,32,16,66,50,130,50,2022-02-17,2022-01-03
PKPK,32,62,258,196,424,159,2022-09-14,2022-05-13
DYAN,31,23,98,75,107,66,2022-11-08,2022-03-04
BBSS,30,15,65,50,110,50,2022-11-25,2022-01-03
TEBE,30,195,850,655,1135,560,2022-05-31,2022-01-18
KLBF,29,475,2090,1615,2170,1520,2022-12-12,2022-02-25
MERK,29,1060,4750,3690,5675,3650,2022-09-01,2022-01-03
PJAA,29,160,720,560,810,460,2022-09-26,2022-03-07
OMRE,28,179,810,631,1367,357,2022-12-13,2022-07-14
AGII,28,425,1940,1515,2680,1365,2022-07-27,2022-01-21
PGAS,28,385,1760,1375,1995,1260,2022-10-31,2022-01-19
SFAN,28,410,1880,1470,2030,1455,2022-12-14,2022-01-03
PTIS,28,104,480,376,496,150,2022-12-30,2022-04-22
HAIS,27,47,218,171,362,142,2022-06-03,2022-01-24
BCAP,27,17,79,62,352,50,2022-03-24,2022-01-18
SOSS,27,102,482,380,660,240,2022-10-31,2022-07-28
TRST,27,155,735,580,750,535,2022-06-24,2022-01-31
AUTO,26,305,1460,1155,1590,1010,2022-12-02,2022-01-31
GULA,26,66,316,250,324,177,2022-12-30,2022-09-23
BUDI,26,47,226,179,290,158,2022-05-27,2022-01-27
APLN,26,32,154,122,177,105,2022-11-23,2022-05-17
PORT,26,170,820,650,1600,510,2022-11-10,2022-07-04
DNET,26,850,4140,3290,4200,3100,2022-12-28,2022-04-18
GPSO,25,33,163,130,193,90,2022-12-20,2022-05-18
BOSS,25,18,89,71,147,50,2022-03-23,2022-06-14
CMRY,25,850,4250,3400,5350,3000,2022-11-01,2022-01-25
VTNY,25,90,450,360,505,342,2022-12-29,2022-12-15
AMFG,25,1110,5550,4440,8475,4200,2022-06-06,2022-01-27
ARNA,24,195,995,800,1120,790,2022-05-31,2022-01-03
PTPW,24,175,900,725,1170,695,2022-09-13,2022-01-10
BNGA,23,220,1185,965,1235,940,2022-12-02,2022-01-25
TOTO,23,50,270,220,340,200,2022-06-10,2022-03-23
MYOR,23,460,2500,2040,2600,1485,2022-11-29,2022-03-07
DUTI,22,750,4140,3390,5950,3240,2022-06-22,2022-01-20
OKAS,22,19,105,86,234,50,2022-09-15,2022-03-07
LEAD,21,12,68,56,131,50,2022-11-14,2022-01-13
INCI,21,113,642,529,760,482,2022-06-03,2022-04-25
TRIN,21,52,300,248,705,234,2022-02-22,2022-01-14
KKES,21,22,127,105,210,104,2022-09-19,2022-08-08
KEJU,21,245,1430,1185,1750,1110,2022-08-18,2022-03-14
ASPI,20,15,89,74,121,56,2022-09-20,2022-03-07
BBRI,20,830,4940,4110,5025,3960,2022-12-01,2022-07-04
CITA,20,650,3870,3220,4800,2610,2022-12-27,2022-02-22
CFIN,20,50,300,250,466,224,2022-10-25,2022-05-13
DSNG,20,100,600,500,770,466,2022-03-04,2022-07-15
TPMA,19,74,462,388,550,300,2022-11-28,2022-01-27
MLIA,19,83,525,442,714,345,2022-06-17,2022-01-26
BEST,19,21,133,112,187,100,2022-09-12,2022-03-08
ARII,18,46,296,250,600,173,2022-09-20,2022-07-19
CLEO,18,85,555,470,775,412,2022-10-24,2022-03-08
TCID,18,475,3150,2675,3400,2350,2022-11-29,2022-03-17
UNTR,18,3925,26075,22150,36200,21450,2022-09-15,2022-01-06
MAPB,18,285,1895,1610,2200,1400,2022-09-30,2022-03-17
BIKE,18,30,200,170,324,155,2022-03-23,2022-04-20
SILO,18,188,1260,1072,1320,897,2022-12-30,2022-03-18
UNSP,17,19,128,109,180,105,2022-09-09,2022-01-20
GZCO,17,12,81,69,248,60,2022-04-18,2022-01-27
BBCA,17,1250,8550,7300,9400,7000,2022-11-30,2022-07-04
ADMF,17,1300,9000,7700,9850,7525,2022-11-21,2022-01-19
BDMN,16,380,2730,2350,3880,2270,2022-10-25,2022-03-09
SOTS,15,42,314,272,382,222,2022-12-23,2022-04-05
SQMI,15,9,68,59,108,50,2022-03-07,2022-01-10
ASGR,15,125,950,825,1050,760,2022-04-19,2022-01-28
DOID,15,40,304,264,645,230,2022-04-14,2022-01-18
ZATA,15,15,115,100,358,114,2022-11-16,2022-12-13
ICBP,15,1300,10000,8700,10450,7050,2022-12-16,2022-04-18
MLBI,15,1150,8950,7800,11600,7425,2022-05-31,2022-01-18
DRMA,15,75,585,510,855,500,2022-08-04,2022-04-13
HEXA,15,675,5275,4600,7650,4520,2022-09-21,2022-01-04
ABDA,15,850,6700,5850,9275,5275,2022-01-10,2022-09-20
LPPF,14,600,4750,4150,6550,3520,2022-03-22,2022-01-25
UNVR,14,590,4700,4110,5475,3280,2022-10-24,2022-03-15
CSRA,14,70,570,500,910,490,2022-06-03,2022-01-03
GPRA,14,12,99,87,133,71,2022-12-05,2022-01-26
SMAR,14,590,4950,4360,5975,4200,2022-11-08,2022-07-14
ELSA,13,36,312,276,400,250,2022-11-04,2022-01-18
SMSM,13,175,1535,1360,1605,1200,2022-11-17,2022-08-29
ARTA,12,300,2700,2400,3000,1680,2022-12-30,2022-03-08
KBLI,12,34,314,280,364,264,2022-05-31,2022-01-31
INKP,12,900,8725,7825,10400,7125,2022-11-08,2022-05-10
JSPT,11,85,840,755,885,710,2022-09-07,2022-05-24
NISP,11,75,745,670,810,615,2022-09-20,2022-01-25
RAFI,11,14,140,126,298,134,2022-08-16,2022-11-16
MDLN,11,8,82,74,140,63,2022-06-13,2022-05-19
IPCC,11,55,570,515,675,470,2022-06-02,2022-01-31
UANG,10,85,895,810,1100,424,2022-12-20,2022-11-01
TRIS,10,22,236,214,330,146,2022-12-26,2022-07-18
SGER,10,16,171,155,492,129,2022-05-20,2022-01-11
NETV,10,20,216,196,830,204,2022-02-15,2022-10-24
MBSS,10,105,1195,1090,1550,755,2022-03-31,2022-02-24
DILD,10,15,171,156,226,138,2022-08-16,2022-04-25
CMNP,10,190,2190,2000,2310,1530,2022-04-19,2022-01-06
MTMH,9,120,1400,1280,2770,1345,2022-07-28,2022-12-29
VINS,9,15,178,163,202,126,2022-03-14,2022-11-02
INTA,9,6,74,68,88,56,2022-04-04,2022-05-24
TUGU,9,70,867,797,1745,642,2022-09-15,2022-07-11
RUIS,9,18,224,206,296,160,2022-09-23,2022-05-13
ITMA,9,65,815,750,1325,484,2022-09-15,2022-02-24
MDKA,9,325,4120,3795,5800,3350,2022-04-19,2022-07-15
AKPI,8,90,1220,1130,1900,895,2022-06-13,2022-04-21
KBLM,8,18,244,226,340,194,2022-06-13,2022-04-26
TRGU,8,16,226,210,630,206,2022-07-14,2022-12-20
MKTR,8,9,129,120,176,112,2022-12-26,2022-11-08
IFII,7,11,158,147,180,141,2022-09-30,2022-05-12
POWR,7,45,660,615,750,600,2022-06-10,2022-03-25
MEDS,7,9,134,125,520,130,2022-08-23,2022-12-30
AMAG,7,24,360,336,468,334,2022-07-07,2022-01-06
ELPI,7,14,214,200,370,191,2022-08-10,2022-10-14
DCII,10370,43555,43975,420,60300,525,2021-06-16,2021-01-06
BBHI,4398,3870,3958,88,4629,77,2021-11-19,2021-01-05
BEBS,4252,1148,1175,27,1240,27,2021-12-30,2021-03-10
TFAS,2747,4945,5125,180,8225,170,2021-08-16,2021-01-04
BANK,2123,2187,2290,103,3980,139,2021-08-09,2021-02-01
UFOE,1509,1524,1625,101,1860,136,2021-12-21,2021-02-01
PANI,1425,114,122,8,212,7,2021-11-22,2021-03-15
MSIN,1285,2301,2480,179,2490,142,2021-12-29,2021-05-18
DMMX,1053,2484,2720,236,3460,197,2021-08-23,2021-01-15
BBYB,894,2208,2456,247,2708,240,2021-12-20,2021-01-04
TMAS,879,123,137,14,155,11,2021-12-24,2021-02-01
BNBA,876,2908,3240,332,4870,330,2021-12-10,2021-01-04
ARTA,838,2144,2400,256,2490,236,2021-12-30,2021-02-01
PEGE,760,1034,1170,136,1955,112,2021-08-31,2021-02-01
TECH,750,6000,6800,800,10200,745,2021-12-14,2021-01-04
AYLS,648,324,374,50,406,50,2021-12-15,2021-01-04
ZBRA,586,551,645,94,1093,41,2021-08-25,2021-01-20
CSMI,574,3100,3640,540,3650,540,2021-05-28,2021-01-04
YELO,570,114,135,20,328,20,2021-11-12,2021-01-04
BPTR,520,255,304,49,403,44,2021-12-17,2021-02-15
TNCA,501,2126,2550,424,3030,210,2021-12-23,2021-02-01
SNLK,500,750,900,150,1960,202,2021-12-15,2021-03-29
FITT,500,425,510,85,650,67,2021-12-13,2021-01-15
MASA,490,4880,5875,995,7300,960,2021-09-29,2021-01-07
ASSA,467,2734,3320,586,4000,586,2021-10-08,2021-01-04
BINA,452,3120,3810,690,6175,685,2021-06-30,2021-01-04
IFSH,440,1744,2140,396,2500,352,2021-12-30,2021-01-06
FUJI,439,505,620,115,640,114,2021-12-27,2021-01-29
BBSI,433,3332,4102,770,8070,747,2021-08-06,2021-01-04
MARI,429,386,476,90,605,83,2021-09-06,2021-01-20
MLPL,421,299,370,71,810,57,2021-06-16,2021-01-28
FILM,397,755,945,190,990,182,2021-12-24,2021-01-04
MLPT,394,2800,3510,710,5750,705,2021-06-15,2021-01-04
BIMA,392,196,246,50,288,50,2021-12-30,2021-01-04
LPIN,382,931,1175,244,1400,230,2021-12-10,2021-01-07
UVCR,350,350,450,100,715,110,2021-09-15,2021-07-27
ARTO,349,12434,16000,3566,19050,3433,2021-07-30,2021-01-06
RONY,344,620,800,180,800,137,2021-12-24,2021-06-21
ABBA,332,216,281,65,584,42,2021-08-26,2021-02-01
MPPA,313,329,434,105,1275,85,2021-06-09,2021-01-28
UANG,313,614,810,196,1375,181,2021-08-19,2021-01-15
RANC,313,1364,1800,436,2700,406,2021-09-16,2021-02-01
SRTG,308,2114,2800,686,2990,678,2021-12-15,2021-01-04
YULE,308,1140,1510,370,1560,310,2021-12-30,2021-01-06
BMAS,303,500,666,165,1062,128,2021-12-17,2021-02-04
MLIA,298,331,442,111,536,109,2021-11-09,2021-01-04
DGIK,294,147,197,50,234,50,2021-12-13,2021-01-04
NFCX,287,6640,8950,2310,13900,1600,2021-08-20,2021-02-08
BABP,288,138,186,48,609,48,2021-08-06,2021-01-04
TRIM,283,266,360,94,482,88,2021-10-29,2021-01-04
SUPR,277,11375,15475,4100,16100,4100,2021-10-07,2021-01-04
DGNS,272,545,745,200,1485,270,2021-07-05,2021-01-15
BOLA,272,446,610,164,1155,163,2021-08-09,2021-01-04
MITI,268,169,232,63,320,63,2021-11-18,2021-01-04
BESS,265,635,875,240,2050,212,2021-11-10,2021-03-29
INCF,263,200,276,76,665,57,2021-11-17,2021-01-21
PKPK,263,142,196,54,258,50,2021-12-23,2021-01-27
CCSI,259,523,725,202,800,180,2021-12-27,2021-04-01
KIOS,255,365,509,143,1799,121,2021-07-28,2021-01-12
SMDR,249,142,199,57,241,46,2021-12-15,2021-01-29
HRUM,246,1469,2065,596,2245,578,2021-12-13,2021-01-04
WEHA,237,140,199,59,284,48,2021-09-15,2021-01-29
BGTG,230,163,233,71,358,62,2021-12-13,2021-02-01
BMSR,228,182,262,80,344,66,2021-12-17,2021-01-29
LPPF,225,2875,4150,1275,4790,1030,2021-11-24,2021-01-27
LPLI,222,189,274,85,428,75,2021-06-15,2021-02-04
GEMS,212,5400,7950,2550,9650,2550,2021-12-29,2021-01-04
DSSA,206,33000,49000,16000,55500,9100,2021-11-19,2021-07-05
TAPG,205,410,610,200,915,270,2021-10-06,2021-04-12
SPMA,198,412,619,208,712,185,2021-12-20,2021-01-28
VICO,193,145,220,75,311,69,2021-12-15,2021-01-06
FISH,192,5030,7650,2620,16850,2620,2021-08-16,2021-01-04
BAJA,188,218,334,116,496,110,2021-05-25,2021-01-04
TRJA,188,291,446,155,645,150,2021-12-14,2021-01-04
PRDA,183,5950,9200,3250,10000,3250,2021-12-14,2021-01-28
TIFA,181,396,615,219,1325,219,2021-09-08,2021-01-04
NICK,178,480,750,270,830,240,2021-12-09,2021-05-05
WAPO,176,118,185,67,318,62,2021-11-08,2021-02-11
JAWA,176,172,270,98,356,77,2021-12-23,2021-02-22
SAMF,175,697,1095,398,2130,388,2021-06-08,2021-01-29
AIMS,172,254,402,148,610,128,2021-05-07,2021-01-12
UNIC,168,7900,12600,4700,13100,4010,2021-12-03,2021-02-01
EDGE,164,2910,4680,1770,9400,1770,2021-06-18,2021-02-08
OMRE,161,389,631,242,1243,228,2021-05-19,2021-01-11
MCOL,161,2280,3700,1420,3800,1325,2021-12-16,2021-09-07
SMKL,157,318,520,202,620,193,2021-12-27,2021-01-07
FLMC,155,310,510,200,645,220,2021-12-29,2021-07-08
PALM,153,508,840,332,1101,286,2021-12-22,2021-01-29
ESSA,152,320,530,210,575,177,2021-12-27,2021-01-29
ISSP,149,238,398,160,510,153,2021-11-11,2021-01-04
INTD,148,154,258,104,368,89,2021-12-09,2021-01-29
GSMF,148,96,161,65,374,61,2021-12-09,2021-01-07
BMHS,144,490,830,340,1200,424,2021-07-29,2021-07-06
MTDL,142,448,764,316,826,280,2021-12-30,2021-02-01
BSSR,141,2395,4090,1695,4120,1405,2021-12-30,2021-02-01
MCAS,139,5535,9525,3990,15000,3800,2021-08-20,2021-02-24
BRAM,137,7125,12325,5200,13750,4550,2021-12-16,2021-04-08
ESTA,137,59,102,43,119,30,2021-12-27,2021-06-11
PTIS,135,216,376,160,580,150,2021-10-21,2021-02-09
SBMA,133,240,420,180,560,200,2021-09-14,2021-09-08
CSIS,132,86,151,65,199,54,2021-11-22,2021-01-06
MPMX,132,651,1145,494,1245,486,2021-12-15,2021-01-28
PSSI,131,228,402,174,442,162,2021-12-15,2021-02-01
MBSS,131,618,1090,472,1175,384,2021-10-11,2021-01-29
OASA,129,93,165,72,180,38,2021-12-24,2021-10-22
LMPI,129,110,195,85,254,82,2021-06-07,2021-01-06
INDX,127,70,125,55,178,50,2021-04-23,2021-01-22
ADES,125,1830,3290,1460,3400,1400,2021-12-22,2021-02-01
ESTI,123,64,116,52,196,52,2021-11-16,2021-01-04
HERO,122,1010,1840,830,1970,780,2021-08-03,2021-01-11
TIRT,120,61,112,51,124,50,2021-12-29,2021-01-04
NELY,117,166,308,142,515,135,2021-12-17,2021-01-06
LUCK,116,199,370,171,545,112,2021-11-29,2021-02-01
AKSI,114,471,885,414,1275,342,2021-12-24,2021-12-16
TOBA,112,580,1100,520,1485,460,2021-12-13,2021-07-01
ZYRX,110,275,525,250,900,312,2021-07-26,2021-03-30
BFIN,110,615,1175,560,1230,560,2021-08-09,2021-01-04
PRAS,108,132,254,122,378,115,2021-11-24,2021-01-04
SATU,108,54,104,50,114,50,2021-12-24,2021-01-04
KONI,108,514,990,476,3830,246,2021-05-10,2021-02-11
APEX,107,440,850,410,1350,356,2021-04-30,2021-01-05
GOOD,107,271,525,254,545,242,2021-11-12,2021-01-25
AKPI,104,575,1130,555,1335,410,2021-12-15,2021-04-01
KOBX,102,120,238,118,332,109,2021-11-19,2021-01-27
CITY,101,88,175,87,320,87,2021-01-15,2021-01-04
UNIT,98,156,316,160,374,143,2021-02-19,2021-02-03
PGJO,97,38,77,39,120,35,2021-07-13,2021-01-04
GLOB,96,105,214,109,480,104,2021-03-05,2021-01-11
SAME,95,180,370,190,730,186,2021-07-13,2021-01-04
PNGO,94,755,1555,800,2130,840,2021-11-02,2021-01-04
LMAS,94,47,97,50,175,50,2021-06-23,2021-01-04
MTWI,93,56,117,60,188,51,2021-04-16,2021-01-29
IMPC,92,111,232,120,256,120,2021-12-21,2021-01-04
SMDM,90,93,196,103,240,95,2021-12-23,2021-02-18
CPRO,90,45,95,50,134,50,2021-11-19,2021-01-04
MMLP,90,267,565,298,895,280,2021-07-05,2021-01-07
PMMP,89,228,484,256,625,240,2021-08-09,2021-01-04
PTSP,89,3290,7000,3710,8375,2470,2021-12-30,2021-01-13
CAKK,88,46,98,52,127,52,2021-09-22,2021-01-04
IPPE,88,88,188,100,304,94,2021-12-14,2021-12-09
PGLI,87,208,446,238,478,164,2021-12-30,2021-05-27
ABMM,87,660,1420,760,1710,695,2021-10-26,2021-01-29
DFAM,86,178,384,206,432,113,2021-09-07,2021-08-16
YPAS,86,370,800,430,1055,330,2021-12-15,2021-02-01
POLI,84,675,1475,800,1725,650,2021-03-25,2021-07-26
INPC,84,58,127,69,320,61,2021-03-03,2021-02-01
TBMS,84,395,865,470,1000,450,2021-09-29,2021-01-04
SGER,85,71,155,84,204,29,2021-11-22,2021-05-19
ALDO,83,453,1000,547,1230,391,2021-12-21,2021-01-11
KARW,83,62,137,75,172,58,2021-12-29,2021-02-05
PSGO,82,97,216,119,278,93,2021-12-13,2021-01-27
BKSW,81,86,192,106,392,86,2021-08-06,2021-02-23
TBIG,81,1320,2950,1630,3440,1585,2021-07-05,2021-01-12
BUDI,81,80,179,99,266,92,2021-08-05,2021-02-01
REAL,80,40,90,50,137,50,2021-08-24,2021-01-04
JAYA,79,86,195,109,246,86,2021-12-16,2021-07-21
WINS,79,85,192,107,234,91,2021-12-14,2021-04-05
VINS,79,72,163,91,226,85,2021-12-15,2021-02-02
BVIC,79,90,204,114,320,103,2021-03-01,2021-02-01
AGRO,79,797,1810,1013,2857,734,2021-07-28,2021-02-01
LMSH,79,330,750,420,1750,308,2021-05-21,2021-04-13
DIVA,78,945,2150,1205,2637,1040,2021-08-16,2021-01-20
ERTX,78,94,214,120,330,105,2021-03-05,2021-02-10
GGRP,78,342,780,438,950,342,2021-12-27,2021-02-24
DNAR,77,127,292,165,509,153,2021-03-04,2021-02-01
BYAN,74,1152,2700,1547,3025,1200,2021-09-30,2021-04-14
FAPA,74,1370,3210,1840,3740,2100,2021-10-06,2021-01-04
SMMT,74,86,202,116,252,91,2021-10-26,2021-05-18
GOLD,74,170,400,230,670,214,2021-06-22,2021-01-04
CASS,73,198,468,270,645,216,2021-10-29,2021-01-28
BSIM,73,370,875,505,1365,472,2021-08-05,2021-01-04
BKDP,73,37,88,51,102,50,2021-12-20,2021-01-04
RODA,73,37,88,51,124,50,2021-09-27,2021-01-04
PRIM,72,168,400,232,625,172,2021-07-07,2021-04-01
TIRA,70,182,442,260,870,232,2021-07-14,2021-01-26
AGII,68,615,1515,900,2100,900,2021-01-19,2021-01-04
AMAN,68,213,525,312,535,284,2021-11-29,2021-05-17
MYTX,66,33,83,50,173,50,2021-04-23,2021-01-04
LINK,66,1590,4000,2410,4800,2360,2021-08-02,2021-01-05
BSML,66,77,194,117,210,130,2021-12-30,2021-12-16
VICI,65,203,515,312,595,292,2021-11-11,2021-01-04
INOV,65,106,270,164,312,131,2021-12-27,2021-02-02
AMFG,64,1740,4440,2700,5000,2700,2021-05-17,2021-01-04
RBMS,64,32,82,50,107,50,2021-12-28,2021-01-04
HDFA,63,80,206,126,344,104,2021-11-09,2021-04-07
SWAT,63,71,183,112,244,69,2021-10-21,2021-08-18
CENT,63,90,232,142,478,135,2021-08-05,2021-01-13
SHIP,63,380,980,600,1165,575,2021-12-21,2021-01-29
MRAT,63,107,276,169,505,148,2021-07-06,2021-01-27
EMTK,63,880,2280,1400,2960,1400,2021-07-09,2021-01-04
CMNT,62,425,1105,680,1165,700,2021-11-16,2021-09-08
FORU,62,85,222,137,304,88,2021-03-01,2021-01-28
BHAT,61,380,1000,620,1000,555,2021-12-30,2021-03-31
BRMS,61,44,116,72,122,64,2021-06-30,2021-01-26
MDKA,60,1424,3795,2371,3902,2039,2021-12-24,2021-04-13
EAST,60,36,96,60,108,52,2021-11-11,2021-02-01
CARE,60,193,515,322,540,284,2021-11-09,2021-01-26
KOIN,58,59,160,101,340,97,2021-01-14,2021-01-04
PORT,58,238,650,412,1250,368,2021-06-21,2021-01-06
ADRO,57,820,2250,1430,2330,1150,2021-12-29,2021-02-04
SILO,56,384,1072,687,1412,565,2021-11-29,2021-03-25
PGUN,55,138,388,250,496,198,2021-12-23,2021-08-18
SKLT,54,85,242,156,300,142,2021-09-24,2021-01-05
MBTO,54,51,146,95,246,87,2021-06-16,2021-01-07
SRAJ,52,106,310,204,575,147,2021-07-09,2021-01-08
AMRT,52,415,1215,800,1550,740,2021-08-12,2021-01-06
HEAL,52,364,1070,706,1285,706,2021-09-03,2021-01-04
HELI,51,110,326,216,550,181,2021-03-26,2021-01-28
WOOD,50,280,840,560,925,515,2021-08-06,2021-01-05
TFCO,50,236,710,474,985,400,2021-05-25,2021-02-05
MGLV,50,67,202,135,296,93,2021-12-07,2021-08-10
MPOW,49,35,106,71,182,50,2021-04-16,2021-02-03
AMAG,49,110,336,226,382,214,2021-06-07,2021-01-26
ECII,48,315,970,655,1,655,2021-02-04,2021-01-04
ITMG,50,7000,20000,14000,28000,11000,2021-10-12,2021-03-10
PUDP,47,108,338,230,585,208,2021-10-06,2021-02-16
LTLS,46,225,715,490,750,464,2021-11-17,2021-02-01
MDLN,45,23,74,51,91,51,2021-12-21,2021-01-04
CNTX,45,98,316,218,376,171,2021-12-07,2021-08-13
LPGI,45,755,2450,1695,2712,1600,2021-11-15,2021-03-09
NASI,45,69,224,155,260,150,2021-12-14,2021-12-13
VRNA,44,46,150,104,250,94,2021-11-22,2021-01-20
DPNS,44,120,394,274,448,256,2021-11-19,2021-01-18
TCPI,43,3000,10000,7000,10000,6000,2021-12-23,2021-04-27
BTON,43,130,430,300,550,276,2021-09-10,2021-01-20
APII,43,66,220,154,290,152,2021-12-07,2021-01-04
ITMA,43,225,750,525,775,486,2021-12-30,2021-12-21
MTSM,42,92,310,218,446,122,2021-12-03,2021-10-28
SSTM,42,240,810,570,950,368,2021-10-15,2021-06-21
APIC,42,330,1,785,1,685,2021-12-28,2021-04-14
TRUS,41,122,416,294,530,276,2021-10-29,2021-01-04
CASA,41,154,530,376,630,356,2021-02-15,2021-02-02
STAR,41,43,149,106,198,77,2021-12-23,2021-03-01
HEXA,33,1000,5000,3000,5000,3000,2021-09-20,2021-02-02
DART,39,88,312,224,386,188,2021-12-03,2021-01-29
ATIC,39,225,800,575,2,535,2021-06-22,2021-01-04
KBLV,39,160,570,410,2,346,2021-11-29,2021-02-22
TRST,39,162,580,418,640,360,2021-09-17,2021-02-01
SOHO,38,177,637,460,775,442,2021-01-18,2021-01-08
PANR,39,57,203,147,426,92,2021-10-22,2021-07-02
GZCO,38,19,69,50,86,50,2021-11-26,2021-01-04
ICON,38,28,102,74,163,54,2021-09-03,2021-02-01
SOTS,37,74,272,198,815,194,2021-06-23,2021-01-04
INDR,33,1000,4000,3000,6000,3000,2021-03-04,2021-01-28
RELI,37,120,444,324,690,260,2021-09-10,2021-01-28
POLY,37,22,82,60,101,50,2021-12-30,2021-06-21
AMAR,37,70,260,190,460,149,2021-03-05,2021-02-02
ERAA,36,160,600,440,725,424,2021-06-17,2021-01-04
DYAN,36,20,75,55,122,53,2021-03-26,2021-01-06
PMJS,36,38,143,105,210,97,2021-11-23,2021-01-05
BAPA,36,18,68,50,88,50,2021-11-18,2021-01-04
KICI,36,76,288,212,394,176,2021-11-16,2021-08-19
CLPI,36,270,1,755,1,725,2021-07-29,2021-02-01
GWSA,36,48,183,135,250,103,2021-10-25,2021-07-19
GHON,35,625,2390,1765,3200,1700,2021-11-01,2021-01-05
MICE,35,104,402,298,488,272,2021-08-18,2021-01-28
ANJT,35,255,990,735,1,585,2021-11-05,2021-07-06
MYOH,35,450,1750,1300,1925,1200,2021-10-01,2021-01-27
BIKA,34,64,250,186,446,136,2021-07-05,2021-04-23
CANI,34,38,150,112,615,99,2021-02-03,2021-07-16
MBAP,34,910,3600,2690,4400,2580,2021-10-05,2021-04-15
SIPD,33,500,2000,1500,2170,1150,2021-08-19,2021-02-25
BBMD,33,500,2000,1500,2300,1305,2021-10-11,2021-04-12
CSRA,33,124,500,376,590,266,2021-12-14,2021-01-29
KDSI,33,270,1,825,1,730,2021-11-26,2021-02-01
PURI,32,96,394,298,725,278,2021-02-09,2021-01-05
SDPC,31,32,136,104,214,99,2021-06-22,2021-02-01
IATA,30,15,65,50,120,50,2021-10-21,2021-01-04
WGSH,30,42,182,140,244,139,2021-12-13,2021-12-20
CMNP,30,460,2000,1540,2090,1175,2021-12-30,2021-09-29
FREN,30,20,87,67,170,51,2021-08-03,2021-02-01
AKRA,29,186,822,636,944,554,2021-10-22,2021-01-29
FOOD,29,30,133,103,146,83,2021-04-20,2021-08-23
LIFE,20,1000,6000,5000,7000,4000,2021-06-21,2021-03-04
AMOR,29,415,1870,1455,2265,1455,2021-05-11,2021-01-04
FPNI,28,102,464,362,505,206,2021-12-30,2021-04-13
MARK,28,235,1,840,1,805,2021-01-12,2021-01-04
EPMT,28,590,2700,2110,2800,2000,2021-12-29,2021-02-01
KOPI,28,140,645,505,1,438,2021-12-23,2021-01-08
MFMI,28,210,970,760,1,550,2021-11-25,2021-02-01
RDTX,20,1000,7000,5000,8000,5000,2021-04-22,2021-01-29
LPPS,27,24,112,88,140,75,2021-06-14,2021-02-02
CSAP,27,103,488,384,597,324,2021-08-12,2021-05-20
NATO,26,155,740,585,780,492,2021-11-08,2021-05-28
OILS,26,70,340,270,765,222,2021-09-10,2021-12-09
BPFI,25,193,960,767,1,667,2021-12-27,2021-09-24
IGAR,24,86,440,354,515,320,2021-06-29,2021-02-01
KBAG,24,12,62,50,127,50,2021-11-26,2021-01-04
SKRN,24,35,181,146,204,127,2021-02-08,2021-05-28
TEBE,24,125,655,530,925,318,2021-09-20,2021-04-21
SGRO,24,380,1995,1615,2770,1580,2021-10-19,2021-01-04
IRRA,23,375,1975,1600,4390,1380,2021-01-13,2021-06-18
HOMI,23,152,812,660,1,617,2021-06-02,2021-03-02
ISAT,20,1000,6000,5000,8000,5000,2021-12-01,2021-02-01
PBSA,23,67,365,297,400,229,2021-11-12,2021-04-05
BCIP,23,17,92,75,151,50,2021-11-23,2021-08-13
TLKM,22,730,4040,3310,4250,3000,2021-12-06,2021-07-06
ALMI,21,52,300,248,336,220,2021-12-22,2021-04-05
TRIN,20,42,248,206,298,130,2021-11-10,2021-07-14
ESIP,20,17,103,85,132,47,2021-12-17,2021-08-23
INDS,20,390,2390,2000,2400,1750,2021-11-09,2021-04-28
SDMU,19,11,68,57,98,50,2021-12-20,2021-01-07
ATAP,19,29,181,152,262,97,2021-11-03,2021-02-05
MAPB,19,255,1610,1355,1900,1260,2021-08-25,2021-07-06
BKSL,18,9,58,49,87,49,2021-05-19,2021-01-04
MEGA,18,756,5027,4270,9089,4152,2021-01-13,2021-01-04
PSDN,18,23,153,130,302,96,2021-07-01,2021-02-01
ARNA,18,120,800,680,885,625,2021-10-29,2021-01-28
JPFA,17,255,1720,1465,2270,1290,2021-04-19,2021-02-01
SMCB,17,250,1690,1440,1970,1265,2021-08-18,2021-01-18
TOWR,17,165,1125,960,1625,920,2021-07-27,2021-01-15
SAFE,17,32,220,188,386,159,2021-10-25,2021-05-03
ANTM,16,315,2250,1935,3440,1940,2021-01-14,2021-01-04
EXCL,16,440,3170,2730,3270,1980,2021-10-12,2021-05-17
GPRA,16,12,87,75,112,55,2021-12-01,2021-02-01
DSFI,16,13,95,82,141,60,2021-09-22,2021-02-01
RIGS,16,42,310,268,515,195,2021-09-01,2021-07-13
EKAD,15,39,291,252,359,227,2021-06-18,2021-02-01
DWGL,15,25,189,164,270,132,2021-03-05,2021-02-23
MIDI,15,27,209,182,275,154,2021-03-22,2021-07-07
TALF,15,38,298,260,450,224,2021-07-07,2021-01-29
KREN,14,12,96,84,197,68,2021-08-24,2021-01-29
DVLA,14,330,2750,2420,3000,2250,2021-11-22,2021-05-24
HDIT,13,40,340,300,760,145,2021-06-11,2021-05-07
BLTZ,13,380,3370,2990,4700,2250,2021-03-26,2021-05-25
MERK,12,410,3690,3280,4080,2820,2021-10-04,2021-02-01
PTRO,12,240,2170,1930,2930,1670,2021-11-09,2021-01-29
LEAD,12,6,56,50,77,50,2021-11-22,2021-01-04
PBID,12,170,1605,1435,2250,1395,2021-07-29,2021-01-04
KEEN,12,46,446,400,494,278,2021-06-02,2021-01-29
SKBM,11,36,360,324,735,276,2021-10-27,2021-02-01
AGRS,11,16,159,143,603,136,2021-03-05,2021-02-15
BMRI,11,350,3512,3162,3750,2800,2021-11-22,2021-05-20
TPMA,11,38,388,350,1,336,2021-03-08,2021-12-02
SFAN,11,140,1470,1330,1525,1250,2021-11-22,2021-02-01
CMRY,10,320,3400,3080,3550,2870,2021-12-23,2021-12-06
BJTM,10,70,750,680,970,680,2021-01-15,2021-01-04
MFIN,10,100,1,990,1,980,2021-02-24,2021-01-04
BIPP,10,5,55,50,72,50,2021-03-08,2021-01-04
BUKK,10,110,1215,1105,1790,800,2021-11-24,2021-01-29
SPTO,9,55,640,585,700,432,2021-01-12,2021-06-08
BALI,9,75,875,800,1,535,2021-11-16,2021-06-18
BBNI,9,287,3375,3087,3787,2280,2021-10-25,2021-06-29
KLBF,9,135,1615,1480,1960,1240,2021-01-12,2021-08-09
BUVA,9,5,60,55,91,50,2021-04-15,2021-01-21
RUNS,9,22,276,254,915,260,2021-09-27,2021-12-27
SIMP,9,36,456,420,595,370,2021-05-03,2021-02-01
SIDO,8,66,865,799,935,700,2021-11-23,2021-07-01
CITA,8,240,3220,2980,4100,2500,2021-12-20,2021-02-17
JECC,8,450,6050,5600,1000,4710,2021-07-02,2021-03-18
BBCA,8,530,7300,6770,8250,5905,2021-10-13,2021-08-02
RMKE,8,16,222,206,246,192,2021-12-21,2021-12-07
ASDM,7,32,477,445,572,427,2021-06-14,2021-01-18
TSPC,7,100,1500,1400,2390,1290,2021-01-12,2021-01-29
SMRA,7,55,835,780,1037,649,2021-03-12,2021-01-29
MTLA,7,30,460,430,545,310,2021-11-15,2021-08-18
CFIN,7,16,250,234,378,214,2021-04-12,2021-01-27
BINO,7,9,147,138,186,135,2021-11-25,2021-12-07
