Kode,P,Current,L,H,OpMargin,DevPR,RoE
AALI,1,6875,6850,8500,10,59,6
ABBA,1,51,50,149,-13,0,-1664
ABDA,0,5500,5500,6650,5,0,3
ABMM,48,3390,2510,4340,19,22,55
ACES,84,820,432,890,12,66,14
ACRO,14,98,82,191,30,0,0
ACST,8,129,117,262,-6,0,-53
ADCP,0,50,50,75,10,0,3
ADES,34,9075,6375,14125,35,0,29
ADHI,0,282,280,535,5,0,2
ADMF,50,11250,9250,13250,44,44,17
ADMG,23,138,123,186,-12,0,-12
ADMR,80,1410,740,1570,44,0,44
ADRO,35,2420,2010,3160,29,55,29
AEGS,55,93,43,133,5,0,5
AGAR,0,100,100,296,-4,0,-6
AGII,8,1510,1435,2290,17,10,3
AGRO,24,274,216,456,9,0,0
AGRS,23,79,72,102,36,0,5
AHAP,29,75,50,134,-12,0,-8
AIMS,40,660,179,1365,-27,0,-23
AISA,34,132,105,184,5,0,-1
AKKU,0,50,50,55,-60,0,-9
AKPI,11,715,630,1350,0,50,-1
AKRA,76,1590,1255,1695,7,77,22
AKSI,27,176,130,296,-7,0,-5
ALDO,15,635,580,935,4,8,1
ALKA,21,464,312,1015,2,0,28
ALMI,2,178,175,300,-15,0,-27
ALTO,0,50,50,50,0,0,-8
AMAG,5,286,280,396,18,65,8
AMAN,1,117,105,1225,37,0,9
AMAR,25,274,248,350,45,0,6
AMFG,57,5825,4700,6650,18,9,9
AMIN,53,152,88,208,6,0,11
AMMN,88,7600,1700,8350,33,0,0
AMMS,25,38,30,61,12,0,0
AMOR,34,1065,850,1475,30,95,34
AMRT,21,2650,2530,3100,2,30,28
ANDI,0,50,50,53,-4,0,-19
ANJT,21,710,625,1025,17,614,0
ANTM,0,1525,1525,2320,10,47,0
APEX,19,168,127,340,1,0,0
APIC,31,1210,1055,1545,-3,0,8
APII,27,186,174,218,7,0,3
APLI,78,590,232,690,17,0,19
APLN,3,122,120,175,34,0,7
ARCI,25,352,308,484,6,0,4
ARGO,65,965,450,1240,-7,0,0
ARII,23,210,142,434,-9,0,-7
ARKA,0,50,50,50,7,0,5
ARKO,81,800,510,865,29,0,13
ARMY,0,50,50,50,0,0,0
ARNA,11,680,630,1055,22,84,27
ARTA,82,2730,1415,3000,0,0,2
ARTI,2,5,4,50,58,0,0
ARTO,66,3070,1530,3860,5,0,0
ASBI,88,700,430,735,37,0,3
ASDM,14,462,446,555,3,61,5
ASGR,13,900,865,1125,8,24,9
ASHA,0,50,50,185,-10,0,0
ASII,20,5325,4900,7000,12,82,17
ASJT,43,117,100,139,-1,0,0
ASLC,29,92,76,131,5,0,3
ASLI,1,51,50,133,17,0,0
ASMI,0,50,50,90,-11,0,-3
ASPI,10,139,96,492,-39,0,-5
ASRI,27,160,144,202,42,0,11
ASRM,0,1510,1510,1710,1,22,14
ASSA,4,720,690,1420,1,0,0
ATAP,2,51,50,84,10,0,2
ATIC,25,392,332,565,6,0,64
AUTO,38,2210,1335,3620,6,29,15
AVIA,48,585,422,760,21,89,14
AWAN,47,290,135,460,23,0,0
AXIO,65,202,107,252,16,0,25
AYAM,-102,0,92,182,0,0,0
AYLS,0,50,50,109,-21,0,-8
BABP,3,56,54,109,18,0,1
BABY,28,204,152,332,-5,0,12
BACA,22,130,123,154,27,0,2
BAJA,6,123,116,222,-1,0,-42
BALI,59,1100,600,1435,45,67,7
BANK,20,1045,930,1495,-85,0,-10
BAPA,16,59,50,105,-90,0,-1
BAPI,0,50,50,50,-62,0,0
BATA,3,97,76,740,-12,0,-51
BAUT,0,50,50,50,0,0,0
BAYU,63,1415,830,1750,3,0,18
BBCA,93,9700,8250,9800,59,53,20
BBHI,16,1200,995,2230,46,0,6
BBKP,10,79,72,140,410,0,-42
BBLD,17,575,466,1100,29,24,8
BBMD,59,1900,1680,2050,58,32,9
BBNI,96,5775,4312,5825,36,35,14
BBRI,96,5850,4640,5900,51,77,19
BBRM,35,65,50,92,46,0,11
BBSI,100,3770,2700,3770,67,0,4
BBSS,19,69,50,147,-186,0,0
BBTN,50,1280,1150,1410,66,18,12
BBYB,19,318,208,780,-84,0,-27
BCAP,0,50,50,87,17,0,2
BCIC,31,118,93,173,11,0,3
BCIP,27,59,54,72,27,0,3
BDKR,75,520,204,620,17,0,0
BDMN,29,2810,2600,3320,34,34,7
BEBS,0,50,50,595,-16,0,6
BEEF,79,240,50,290,8,0,0
BEER,4,252,244,414,4,0,9
BEKS,0,50,50,50,15,0,-7
BELI,79,480,418,496,-23,0,-48
BELL,2,68,66,152,3,0,2
BESS,60,200,124,250,17,0,14
BEST,13,133,123,195,27,0,0
BFIN,46,1225,955,1535,40,54,18
BGTG,28,73,60,106,52,0,2
BHAT,4,390,366,875,7,0,0
BHIT,0,50,50,68,8,0,3
BIKA,4,52,50,95,-3,0,0
BIKE,96,482,189,494,1,0,5
BIMA,31,90,56,165,0,0,-1
BINA,77,4220,3610,4400,39,0,7
BINO,70,126,105,135,6,0,1
BIPI,7,92,84,186,15,0,3
BIPP,0,50,50,51,25,0,1
BIRD,16,1735,1595,2430,11,38,8
BISI,46,1570,1350,1825,31,46,14
BJBR,18,1160,1105,1410,29,57,12
BJTM,35,655,600,755,34,54,12
BKDP,7,53,50,90,-23,0,-6
BKSL,0,50,50,60,1,0,0
BKSW,12,77,71,118,8,0,0
BLTA,0,50,50,50,26,0,35
BLTZ,3,1900,1820,3900,5,0,-17
BLUE,36,368,276,525,20,0,21
BMAS,1,545,530,1690,8,0,3
BMBL,4,20,17,80,13,0,0
BMHS,24,308,268,434,5,71,1
BMRI,32,6675,4875,10400,58,44,22
BMSR,17,332,244,745,6,0,14
BMTR,5,258,250,388,5,0,4
BNBA,18,660,486,1425,28,0,0
BNBR,0,50,50,77,8,0,15
BNGA,88,1745,1180,1815,50,47,13
BNII,27,244,218,312,21,35,5
BNLI,14,920,895,1070,41,28,4
BOBA,23,159,132,248,17,0,7
BOGA,22,1100,1050,1270,-3,0,1
BOLA,4,150,146,244,-12,0,-1
BOLT,38,745,550,1060,15,36,15
BOSS,0,50,50,97,-249,0,0
BPFI,42,392,292,525,33,16,6
BPII,23,10350,10200,10850,21,267,8
BPTR,5,73,66,187,24,0,8
BRAM,3,5800,5700,8400,6,78,9
BREN,55,4950,975,8200,0,0,0
BRIS,92,2320,1300,2400,40,7,15
BRMS,28,146,114,226,28,0,1
BRNA,63,990,800,1100,-1,0,-16
BRPT,27,1050,710,1950,10,37,2
BSBK,18,57,50,87,31,0,1
BSDE,33,1030,925,1235,33,0,9
BSIM,40,875,755,1050,2,0,3
BSML,27,202,107,450,7,0,15
BSSR,41,3690,3130,4480,7,128,67
BSWD,100,1550,1187,1550,42,0,1
BTEK,0,50,50,50,-13,0,-8
BTEL,0,50,50,50,0,0,0
BTON,46,412,358,474,7,0,9
BTPN,46,2580,2380,2810,32,22,8
BTPS,3,1590,1550,2660,37,48,17
BUAH,90,2070,825,2200,3,0,20
BUDI,80,276,200,294,4,37,6
BUKA,3,185,181,306,-11,0,-9
BUKK,22,1040,875,1600,5,0,16
BULL,72,153,56,189,32,0,-15
BUMI,1,86,84,186,-16,0,12
BUVA,55,55,34,72,0,0,6
BVIC,9,89,84,135,44,0,6
BWPT,4,51,50,73,16,0,6
BYAN,61,19750,13200,23800,52,107,66
CAKK,3,145,142,234,-15,0,-5
CAMP,39,348,292,434,16,91,13
CANI,0,50,50,120,-49,0,0
CARE,8,166,130,545,-42,0,-3
CARS,54,99,72,122,4,0,25
CASA,97,760,432,770,16,0,0
CASH,67,128,58,161,0,0,-4
CASS,85,870,398,950,24,0,48
CBMF,0,50,50,50,-114,0,-2
CBPE,29,127,109,170,53,0,15
CBRE,0,50,50,101,18,0,6
CBUT,16,1805,1360,4000,3,0,33
CCSI,16,450,380,800,-6,0,1
CEKA,19,1875,1810,2150,3,29,13
CENT,2,52,50,126,33,0,0
CFIN,36,476,320,750,37,41,18
CGAS,4,234,196,1030,2,0,0
CHEM,14,108,98,166,5,0,2
CHIP,76,2290,168,2950,7,9,0
CINT,15,147,132,228,3,0,-2
CITA,37,2660,1840,4020,0,12,7
CITY,2,52,50,147,-118,0,-2
CLAY,3,103,86,560,22,0,0
CLEO,63,665,440,795,26,8,19
CLPI,44,980,925,1050,8,44,7
CMNP,5,1505,1480,1905,3240,0,9
CMNT,87,1125,755,1180,11,0,2
CMPP,2,113,111,187,-14,0,0
CMRY,25,3980,3520,5325,20,48,21
CNKO,0,50,50,50,6,0,0
CNMA,15,250,234,340,15,0,15
CNTX,0,122,122,248,-5,0,0
COAL,0,50,50,173,2,0,10
COCO,9,157,145,270,0,0,-6
COWL,0,50,50,50,0,0,0
CPIN,18,4640,4330,5975,11,0,8
CPRI,0,50,50,51,-8,0,-1
CPRO,4,52,50,91,9,0,12
CRAB,18,230,206,334,1,0,4
CRSN,16,104,91,168,10,0,0
CSAP,42,605,430,845,3,23,8
CSIS,0,50,50,74,10,0,3
CSMI,40,2790,2520,3190,38,0,-54
CSRA,22,470,400,710,33,0,11
CTBN,8,1200,1075,2570,12,0,8
CTRA,72,1195,920,1300,31,18,7
CTTH,7,15,12,52,19,0,-15
CUAN,48,6800,240,13750,8,0,0
CYBR,59,220,130,282,-3,0,0
DADA,8,9,5,50,-1933,0,0
DART,19,135,115,218,12,0,-18
DAYA,65,308,168,382,-1,0,-172
DCII,13,36000,32525,59050,51,0,27
DEAL,0,6,6,50,-85,0,0
DEFI,0,1455,1455,1610,-174,0,-22
DEPO,23,372,336,488,2,29,8
DEWA,16,57,50,93,1,0,-3
DEWI,3,62,50,394,17,0,5
DFAM,9,54,50,92,6,0,-33
DGIK,22,89,72,149,5,0,5
DGNS,63,260,160,318,-8,0,-4
DIGI,23,18,8,50,-9,0,0
DILD,24,191,158,292,31,0,15
DIVA,1,198,184,900,0,0,-44
DKFT,41,103,76,141,10,0,6
DLTA,3,3390,3360,4150,30,126,22
DMAS,5,161,160,179,-164,113,17
DMMX,6,280,222,1175,1,0,-9
DMND,20,780,755,875,2,0,6
DNAR,24,122,107,168,16,0,0
DNET,82,4600,3800,4770,37,0,8
DOID,30,360,268,570,11,6,11
DOOH,9,69,50,252,8,0,1
DPNS,10,400,378,585,12,0,4
DPUM,31,26,15,50,0,0,-5
DRMA,52,1225,575,1815,14,14,42
DSFI,5,62,60,96,3,0,5
DSNG,2,510,505,730,15,38,10
DSSA,84,143525,33950,163000,12,0,54
DUCK,17,176,173,190,-20,0,4
DUTI,50,4560,4160,4950,41,0,13
DVLA,33,1665,1400,2200,0,160,5
DWGL,16,109,83,242,9,0,28
DYAN,5,77,73,143,3,0,13
EAST,56,145,95,184,42,0,14
ECII,5,272,260,486,-2,38,1
EDGE,3,3590,3300,11550,32,0,19
EKAD,18,250,240,294,17,0,6
ELIT,3,85,76,330,2,0,0
ELPI,58,282,204,338,24,19,9
ELSA,63,398,292,460,5,38,11
ELTY,0,50,50,50,3,0,-10
EMDE,24,127,101,206,-35,0,-3
EMTK,3,484,458,1185,-1,26,-1
ENAK,56,1295,950,1560,-1,86,11
ENRG,7,202,193,308,26,0,12
ENVY,0,50,50,51,-36745,0,-169
ENZO,0,50,50,55,2,0,0
EPAC,6,9,6,50,-10,0,-32
EPMT,15,2610,2500,3200,3,77,10
ERAA,41,432,326,580,1,36,12
ERAL,25,302,242,480,7,0,22
ERTX,37,244,122,446,3,0,16
ESIP,0,50,50,59,2,0,0
ESSA,3,505,480,1130,19,128,13
ESTA,8,75,69,136,13,0,2
ESTI,0,50,50,65,6,0,2
ETWA,0,70,70,372,-96427,0,0
EURO,15,115,65,396,8,0,0
EXCL,71,2310,1695,2560,13,46,4
FAPA,93,5300,4270,5375,12,0,7
FAST,10,730,700,995,-11,0,-21
FASW,29,5800,5550,6400,-10,245,-13
FILM,93,5875,610,6250,27,0,5
FIMP,34,57,43,84,-9,0,6
FIRE,32,104,53,210,19,0,-38
FISH,5,5550,5450,7300,2,54,17
FITT,58,560,412,665,-26,0,-18
FLMC,20,37,26,79,-27,0,0
FMII,1,256,235,1412,45,0,3
FOLK,10,59,50,135,-6,0,0
FOOD,64,135,79,166,-35,0,-55
FORU,100,366,130,366,-11,0,-8
FORZ,0,50,50,50,-18,0,4
FPNI,24,194,177,246,1,0,3
FREN,0,50,50,70,5,0,-7
FUJI,44,262,175,370,68,0,2
FUTR,0,50,50,177,17,0,0
FWCT,20,72,50,155,13,0,0
GAMA,0,18,18,50,-219,0,-3
GDST,18,125,105,212,8,0,21
GDYR,16,1300,1250,1560,7,0,10
GEMA,24,238,165,460,4,0,9
GEMS,14,5825,5475,7975,12,71,114
GGRM,0,19675,19575,30050,6,40,9
GGRP,20,438,392,615,2,0,3
GHON,23,1815,1700,2190,65,0,13
GIAA,30,67,50,106,12,0,0
GJTL,60,1080,570,1415,14,0,9
GLOB,11,96,92,126,0,0,0
GLVA,4,448,418,1100,5,0,23
GMFI,55,79,50,102,7,0,0
GMTD,3,3080,2387,23875,43,0,14
GOLD,22,288,228,492,40,0,4
GOLL,0,50,50,50,0,0,0
GOOD,36,432,394,498,8,43,15
GOTO,38,90,54,147,-74,0,-22
GPRA,12,93,88,128,35,5,7
GPSO,27,127,100,200,-83,0,-4
GRIA,44,114,76,162,4,0,0
GRPH,-97,0,66,134,0,0,0
GRPM,3,48,46,108,0,0,0
GSMF,32,63,52,86,3,0,0
GTBO,30,390,106,1025,18,6,29
GTRA,2,172,164,442,30,0,0
GTSI,0,50,50,60,-35,0,11
GULA,21,340,240,700,2,0,2
GWSA,1,146,145,210,-84,0,0
GZCO,28,107,79,179,32,0,8
HADE,2,4,3,50,-2,0,-4
HAIS,30,226,175,344,14,0,27
HAJJ,3,134,120,575,6,0,13
HALO,0,50,50,328,19,0,44
HATM,47,290,190,402,34,15,24
HBAT,3,38,35,118,43,0,63
HDFA,3,100,95,254,2,0,4
HDIT,0,50,50,61,0,0,-5
HDTX,0,120,120,120,0,0,0
HEAL,25,1345,1265,1575,17,25,10
HELI,100,500,70,500,0,0,-106
HERO,6,910,860,1610,0,0,-37
HEXA,40,5775,4990,6950,11,69,37
HILL,45,2500,1270,4000,19,0,34
HITS,49,420,170,680,4,0,15
HKMU,0,50,50,50,-129,0,-168
HMSP,7,865,835,1235,21,84,27
HOKI,71,165,68,204,-4,526,-2
HOME,0,50,50,50,0,0,0
HOMI,3,224,193,1015,15,0,5
HOPE,46,56,50,63,-5,0,0
HOTL,0,50,50,50,-101,0,-10
HRME,0,50,50,53,0,0,-2
HRTA,43,370,210,580,5,18,17
HRUM,7,1180,1120,1945,15,38,21
HUMI,4,80,68,312,25,0,0
IATA,0,50,50,108,20,0,348
IBFN,1,16,15,97,128,0,0
IBOS,97,675,110,690,12,0,2
IBST,0,4820,4820,6575,39,0,0
ICBP,86,11575,9275,11925,15,26,16
ICON,0,50,50,85,0,0,-7
IDEA,9,57,45,177,17,0,1
IDPR,40,145,117,187,-3,0,-3
IFII,28,162,140,216,20,23,7
IFSH,9,930,865,1540,25,27,33
IGAR,41,436,406,478,3,0,6
IIKP,0,50,50,50,0,0,0
IKAI,0,50,50,52,0,0,0
IKAN,0,50,50,73,0,0,1
IKBI,34,464,196,970,3,14,10
IKPM,-154,0,164,270,0,0,0
IMAS,18,1350,895,3370,13,8,4
IMJS,10,278,254,488,0,3,1
IMPC,2,380,287,3760,25,178,21
INAF,4,428,406,880,-78,0,-397
INAI,17,198,183,270,2,0,-39
INCF,0,50,50,55,21,0,0
INCI,25,540,495,670,13,0,4
INCO,2,3890,3810,7375,20,23,10
INDF,23,6400,6050,7550,17,25,12
INDO,37,93,80,115,3,0,2
INDR,7,3010,2800,5775,-6,0,-10
INDS,25,2380,1915,3750,11,24,9
INDX,7,114,101,264,-51,0,-23
INDY,0,1305,1300,2800,6,31,18
INET,1,69,66,314,11,0,0
INKP,26,8125,6775,11850,14,3,9
INOV,8,122,115,198,5,0,-14
INPC,34,70,61,87,11,0,2
INPP,80,780,390,875,26,0,3
INPS,17,162,105,426,13,0,-28
INRU,8,730,685,1235,-2,0,-34
INTA,0,50,50,74,8,0,0
INTD,13,145,127,256,0,0,1
INTP,0,8925,8900,11850,13,25,11
IOTF,98,224,76,226,6,0,0
IPAC,8,94,89,149,-12,0,9
IPCC,39,690,575,865,45,58,16
IPCM,49,278,250,306,15,66,14
IPOL,35,135,121,161,2,0,0
IPPE,0,50,50,67,20,0,0
IPTV,0,50,50,70,-13,0,-3
IRRA,9,498,436,1065,8,0,4
IRSX,0,50,50,274,2,0,0
ISAP,1,10,9,67,2,0,0
ISAT,75,9625,5800,10850,18,53,14
ISSP,54,286,232,332,13,11,8
ITIC,56,304,250,346,19,0,6
ITMA,60,680,376,880,52,0,9
ITMG,21,26225,22125,41500,20,138,39
JARR,43,226,143,332,4,0,4
JAST,0,50,50,120,-9,0,-10
JATI,0,50,50,244,0,0,3
JAWA,39,127,62,228,-3,0,-294
JAYA,26,114,102,148,19,41,9
JECC,0,1885,1885,4940,6,16,12
JGLE,0,50,50,50,24,0,-48
JIHD,45,392,302,498,8,0,4
JKON,10,86,78,153,7,26,6
JKSW,0,60,60,60,0,0,0
JMAS,1,51,50,110,5,0,1
JPFA,21,1100,1015,1410,9,62,6
JRPT,72,690,480,770,47,28,11
JSKY,0,52,52,52,-267,0,-37
JSMR,88,4950,3030,5200,37,7,23
JSPT,98,1340,785,1350,26,0,2
JTPE,52,294,200,378,15,17,23
KAEF,18,920,685,1935,0,0,0
KARW,68,70,50,79,1,0,0
KAYU,0,52,50,685,-15,0,1
KBAG,0,50,50,50,-18,0,0
KBLI,60,330,284,360,7,12,5
KBLM,19,260,228,396,2,0,2
KBLV,9,70,63,135,-61,0,0
KBRI,0,50,50,50,0,0,0
KDSI,55,1855,1005,2540,11,0,12
KDTN,12,104,94,177,14,0,0
KEEN,46,785,515,1095,58,9,10
KEJU,26,1175,1100,1385,6,207,8
KETR,52,230,160,294,34,0,9
KIAS,7,14,11,50,-2,0,-3
KICI,2,116,113,218,-8,0,-3
KIJA,8,121,115,190,18,0,5
KING,23,165,84,426,2,0,0
KINO,0,1145,1140,1780,6,0,-33
KIOS,0,50,50,115,1,0,0
KJEN,6,85,76,218,-2,0,0
KKES,0,50,50,130,0,0,6
KKGI,6,360,343,593,0,20,29
KLAS,14,81,54,238,0,0,0
KLBF,7,1540,1475,2360,9,59,13
KLIN,2,21,20,55,-24,0,-10
KMDS,6,422,402,690,19,0,26
KMTR,70,284,226,308,0,0,-4
KOBX,9,167,147,352,3,0,-4
KOCI,0,50,50,142,26,0,0
KOIN,14,77,65,148,0,0,-1277
KOKA,23,79,50,174,21,0,0
KONI,2,965,900,3680,7,0,12
KOPI,1,310,300,840,7,0,4
KOTA,0,50,50,50,-33,0,-1
KPAL,0,50,50,50,-16,0,-11
KPAS,0,62,62,63,-1595,0,-25
KPIG,24,63,56,84,3,0,1
KRAH,0,436,436,436,0,0,0
KRAS,1,136,133,334,-1,0,-20
KREN,0,50,50,50,0,0,-4
KRYA,3,55,50,206,36,0,-1
KUAS,7,51,50,63,6,0,5
LABA,0,50,50,94,8,0,-8
LAJU,1,54,50,430,7,0,0
LAND,26,22,12,50,-5,0,-1
LAPD,-11,0,5,50,0,0,0
LCGP,0,114,114,114,0,0,0
LCKM,66,296,260,314,3,0,0
LEAD,26,62,50,95,-4,0,-26
LFLO,17,51,44,83,1,0,10
LIFE,50,6025,5550,6500,-3,145,3
LINK,0,1090,1080,2420,-3,990,-5
LION,6,535,500,1040,14,0,0
LMAS,0,50,50,50,40,0,4
LMAX,18,170,122,380,8,0,26
LMPI,6,109,103,194,1,0,-14
LMSH,4,410,400,605,-17,0,-5
LOPI,17,61,54,93,11,0,0
LPCK,5,665,635,1150,25,0,2
LPGI,10,3430,3010,7025,-2,3030,-4
LPIN,13,350,336,442,12,0,8
LPKR,30,80,67,110,16,0,2
LPLI,17,226,202,340,679,0,21
LPPF,14,2080,1530,5400,3,125,443
LPPS,45,71,60,84,97,0,2
LRNA,18,179,151,300,-7,0,0
LSIP,1,840,835,1135,26,49,6
LTLS,37,1175,975,1510,4,81,5
LUCK,7,71,66,132,4,0,0
LUCY,38,145,111,199,-2,0,0
MABA,0,50,50,50,0,0,0
MAGP,0,50,50,50,-16,0,-91
MAHA,14,181,159,306,19,0,0
MAIN,43,486,402,595,9,0,5
MAMI,0,50,50,50,-11,0,-2
MANG,70,95,60,110,7,0,0
MAPA,94,990,400,1025,15,8,29
MAPB,22,1995,1800,2650,8,0,11
MAPI,87,1975,1305,2070,10,6,24
MARI,0,50,50,143,-103,0,-66
MARK,82,775,436,845,30,107,15
MASA,39,3700,2220,6000,21,26,20
MASB,84,3540,3010,3640,41,0,7
MAXI,0,50,50,95,-5,0,0
MAYA,4,175,149,695,3,0,0
MBAP,4,4260,4130,6875,4,188,19
MBMA,44,700,496,955,7,0,1
MBSS,25,1085,940,1500,24,0,15
MBTO,15,98,84,173,4,0,-6
MCAS,15,3800,2700,9800,0,0,0
MCOL,59,5825,4030,7050,26,86,49
MCOR,40,76,67,89,38,0,3
MDIA,0,50,50,55,-47,0,-4
MDKA,17,2550,2060,4830,9,0,0
MDKI,40,202,184,228,10,0,5
MDLN,8,57,53,102,28,0,15
MDRN,0,5,5,50,30,0,0
MEDC,36,1155,840,1705,38,10,21
MEDS,0,50,50,220,-109,0,-14
MEGA,31,4990,4300,6500,54,80,21
MENN,0,11,10,134,24,0,4
MERK,3,4090,4050,5100,18,89,21
META,61,238,105,322,17,0,-4
MFIN,96,3140,1605,3190,39,53,15
MFMI,0,540,540,845,30,0,19
MGLV,18,53,38,120,17,0,16
MGNA,4,10,8,50,34,0,-2
MGRO,11,585,545,880,3,0,-23
MICE,2,500,490,945,8,7,5
MIDI,33,398,332,530,4,25,17
MIKA,50,2820,2430,3200,29,54,16
MINA,0,50,50,67,3,0,-2
MIRA,2,7,6,50,0,0,-17
MITI,6,183,149,635,23,0,18
MKNT,2,2,1,50,2,0,0
MKPI,19,27750,25550,37000,45,48,13
MKTR,10,134,111,330,20,27,0
MLBI,1,7050,7000,9700,39,60,96
MLIA,2,406,400,605,18,29,13
MLPL,3,63,61,117,1,0,0
MLPT,10,1520,1450,2140,11,96,56
MMIX,0,122,117,710,26,0,0
MMLP,17,314,276,494,71,0,2
MNCN,5,364,344,720,12,5,6
MOLI,55,340,118,515,8,0,5
MORA,48,464,430,500,37,0,10
MPMX,11,1015,970,1360,4,93,10
MPOW,15,58,50,103,-34,0,-6
MPPA,2,55,53,150,-4,0,-135
MPRO,23,2060,1245,4750,-80,0,-2
MPXL,33,174,104,312,16,0,13
MRAT,6,356,320,890,1,0,23
MREI,1,1685,1610,5700,2,19,2
MSIE,4,24,21,90,18,0,147
MSIN,43,3000,1655,4760,2,0,5
MSJA,32,356,282,510,13,0,0
MSKY,33,170,94,320,-77,0,-18
MSTI,-284,0,1250,1690,0,0,0
MTDL,58,540,450,605,4,28,20
MTEL,47,680,600,770,41,65,5
MTFN,0,50,50,50,-8,0,0
MTLA,61,396,342,430,32,18,10
MTMH,6,1310,1285,1685,7,0,2
MTPS,1,9,8,96,0,0,-49
MTRA,0,244,244,244,0,0,0
MTSM,10,191,146,580,-33,0,-13
MTWI,10,76,68,142,7,0,6
MUTU,15,89,66,214,19,0,0
MYOH,57,1800,1360,2130,13,44,10
MYOR,14,2360,2270,2900,13,27,22
MYRX,0,50,50,50,0,0,0
MYTX,11,55,50,92,-11,0,0
NANO,16,18,16,28,12,0,0
NASA,11,19,15,50,36,0,0
NASI,22,67,50,126,0,0,1
NATO,22,187,91,525,80,0,0
NAYZ,1,16,14,181,1,0,5
NCKL,20,900,750,1470,33,0,33
NELY,54,505,292,680,52,0,36
NETV,1,54,51,210,-85,0,0
NFCX,5,3490,3270,7400,0,0,-12
NICE,28,570,438,895,10,0,0
NICK,72,260,148,302,116,0,-48
NICL,18,193,145,400,-4,19,24
NIKL,3,264,248,660,-5,0,-5
NINE,7,10,7,47,-8,0,0
NIPS,0,282,282,282,0,0,0
NIRO,67,140,119,150,13,0,-3
NISP,83,1225,730,1320,52,32,11
NOBU,88,875,406,935,22,0,5
NPGF,0,50,50,75,96,0,-1
NRCA,40,328,294,378,5,113,7
NSSS,65,196,114,240,21,0,0
NTBK,0,50,50,93,4,0,4
NUSA,0,50,50,50,0,0,0
NZIA,2,77,71,292,-2,0,0
OASA,18,140,107,286,7,0,2
OBMD,66,258,140,318,55,0,0
OCAP,0,159,159,159,0,0,0
OILS,9,121,111,214,0,0,0
OKAS,7,99,90,212,13,0,55
OLIV,10,8,6,26,-16,0,-3
OMED,56,202,149,242,16,30,0
OMRE,6,482,450,925,-131,0,-4
OPMS,7,53,50,88,-1438,0,-3
PACK,4,39,29,276,9,0,0
PADA,0,50,50,206,0,0,0
PADI,4,7,5,50,57,0,-19
PALM,19,478,420,720,101,0,-36
PAMG,32,73,50,120,21,0,0
PANI,76,4950,1030,6150,37,0,12
PANR,2,400,386,875,3,0,24
PANS,22,1635,1515,2040,36,133,8
PBID,28,1390,1285,1650,10,55,14
PBRX,0,50,50,72,2,0,-2
PBSA,18,298,280,378,17,119,16
PCAR,0,50,50,109,0,0,10
PDES,6,220,198,515,9,0,72
PDPP,88,398,156,428,10,0,0
PEGE,4,168,138,755,189,0,-25
PEHA,1,515,510,1000,-6,46,0
PEVE,38,171,135,228,2,0,0
PGAS,12,1135,1060,1640,11,111,9
PGEO,63,1285,595,1680,57,20,9
PGJO,47,85,62,110,-428,0,-59
PGLI,9,141,121,330,-15,188,-40
PGUN,4,438,400,1300,48,0,10
PICO,5,116,109,248,3,0,2
PIPA,0,50,50,256,5,0,0
PJAA,74,990,605,1120,35,18,15
PKPK,70,360,270,398,-23,0,-8
PLAN,23,25,22,35,2,0,-4
PLAS,0,50,50,50,0,0,0
PLIN,35,2640,1940,3900,51,111,6
PMJS,8,139,135,184,3,42,10
PMMP,63,394,240,484,12,0,4
PNBN,10,1090,1030,1625,38,0,7
PNBS,5,53,52,71,43,0,11
PNGO,33,1420,1230,1800,20,0,27
PNIN,4,855,830,1445,31,0,5
PNLF,0,254,252,454,26,0,6
PNSE,70,450,392,474,17,0,0
POLA,0,50,50,74,-44,0,-8
POLI,38,755,600,1000,41,0,1
POLL,9,149,138,250,14,0,1
POLU,32,400,196,825,0,0,-19
POLY,0,50,50,56,-7,0,0
POOL,0,50,50,50,0,0,0
PORT,9,690,595,1600,14,0,8
POSA,0,50,50,50,-73,0,0
POWR,33,700,645,810,21,75,12
PPGL,9,99,95,138,8,0,12
PPRE,11,76,70,123,12,0,3
PPRI,19,81,56,187,4,0,8
PPRO,0,50,50,50,-6,0,-2
PRAS,3,96,90,246,-1448,0,-63
PRAY,17,695,660,865,10,0,0
PRDA,1,4960,4940,6800,18,67,14
PRIM,18,74,50,180,0,0,0
PSAB,82,126,74,137,35,0,-6
PSDN,42,108,50,187,-79,0,284
PSGO,91,153,101,158,23,0,14
PSKT,0,50,50,72,-23,0,-2
PSSI,12,496,460,750,30,38,29
PTBA,12,2540,2300,4200,13,198,28
PTDU,0,50,50,67,-16,0,-124
PTIS,18,318,224,725,-138,0,4
PTMP,61,234,68,338,17,0,0
PTPP,0,404,402,835,7,0,2
PTPS,93,244,80,256,46,0,0
PTPW,23,935,885,1100,32,0,13
PTRO,46,5050,2810,7650,2,364,8
PTSN,70,246,179,274,14,13,13
PTSP,12,1975,1315,6675,0,0,7
PUDP,19,550,370,1295,-86,0,70
PURA,0,50,50,50,5,0,0
PURE,0,51,51,51,-584,0,-213
PURI,4,172,142,760,-3,0,-5
PWON,16,414,392,525,42,17,10
PYFA,31,890,595,1545,6,0,-13
PZZA,2,342,336,575,2,0,-2
RAAM,40,555,292,940,39,0,5
RAFI,0,50,50,119,7,0,42
RAJA,57,1330,730,1770,11,28,13
RALS,6,492,478,710,-6,99,8
RANC,21,595,530,835,-3,0,-25
RBMS,0,50,50,51,10,0,-3
RCCC,45,124,61,200,7,0,0
RDTX,66,13925,9775,16000,58,90,9
REAL,6,9,6,50,3,0,0
RELF,0,20,19,242,29,0,0
RELI,22,482,390,805,67,0,7
RGAS,-97,0,74,150,0,0,0
RICY,61,118,69,149,1,0,-27
RIGS,51,565,414,710,23,0,11
RIMO,0,50,50,50,0,0,0
RISE,58,980,785,1120,7,0,1
RMKE,2,575,560,1120,21,6,30
RMKO,3,256,242,700,16,0,23
ROCK,100,380,214,380,37,0,2
RODA,0,50,50,90,17,0,-2
RONY,18,290,177,800,3,0,-148
ROTI,5,1140,1110,1640,15,155,16
RSCH,63,172,102,212,-12,0,0
RSGK,48,1260,990,1550,5,196,3
RUIS,6,198,181,424,4,20,2
RUNS,6,56,46,206,-75,0,-2
SAFE,70,324,140,400,23,0,0
SAGE,0,50,50,458,17,0,0
SAME,42,312,242,406,4,0,0
SAMF,69,760,428,905,14,33,40
SAPX,31,805,560,1345,5,0,-3
SATU,90,130,50,138,12,0,-11
SBAT,2,3,2,50,-98,0,-39
SBMA,46,159,129,193,20,0,0
SCCO,57,10125,8000,11700,5,15,4
SCMA,23,157,132,238,11,162,0
SCNP,0,146,146,250,0,0,-5
SCPI,0,0,0,0,0,0,0
SDMU,0,50,50,72,29,0,50
SDPC,8,149,128,386,2,9,10
SDRA,27,580,535,700,46,25,7
SEMA,67,129,68,158,5,0,9
SFAN,37,1910,1680,2290,-106,0,-4
SGER,67,2020,360,2820,0,50,40
SGRO,15,2000,1950,2270,19,54,11
SHID,38,1780,625,3620,2,0,-1
SHIP,30,1125,960,1510,35,14,15
SICO,18,102,84,182,8,0,10
SIDO,5,500,478,915,23,112,28
SILO,70,2310,1265,2740,17,19,15
SIMA,0,50,50,50,0,0,0
SIMP,2,364,362,452,14,31,4
SINI,17,930,565,2600,5,0,0
SIPD,34,1010,805,1400,1,0,-13
SKBM,17,296,248,525,1,47,3
SKLT,7,218,178,682,5,20,13
SKRN,26,555,456,835,14,46,20
SKYB,50,51,50,52,0,0,0
SLIS,2,66,62,218,7,0,11
SMAR,4,3790,3700,5750,3,43,13
SMBR,8,246,228,432,11,17,3
SMCB,20,1325,1155,2000,13,31,6
SMDM,26,181,166,222,28,0,3
SMDR,28,324,280,434,9,29,24
SMGR,32,6325,5625,7775,14,66,5
SMIL,14,116,97,230,14,0,0
SMKL,3,197,188,456,3,0,1
SMKM,0,53,48,1025,12,0,4
SMLE,13,125,96,304,5,0,0
SMMA,31,14500,10975,22200,19,0,5
SMMT,22,765,605,1305,-5,78,27
SMRA,19,545,498,740,30,11,10
SMRU,0,50,50,50,0,0,0
SMSM,55,2030,1420,2520,25,63,29
SNLK,1,470,462,1245,1,0,-1
SOCI,3,169,166,254,13,0,1
SOFA,18,17,15,26,2,0,7
SOHO,0,458,458,5600,6,89,13
SONA,14,790,605,1900,7,0,0
SOSS,36,448,366,590,1,0,16
SOTS,57,326,82,510,-16,0,-5
SOUL,66,36,18,45,-24,0,-2
SPMA,14,360,328,545,9,0,10
SPTO,18,550,535,615,11,59,11
SQMI,12,53,50,75,-425,0,-17
SRAJ,58,575,202,840,6,0,-2
SRIL,10,146,145,155,-55,1,0
SRSN,35,61,50,81,13,7,11
SRTG,12,1525,1405,2380,97,17,-23
SSIA,38,408,322,545,10,0,3
SSMS,24,1155,935,1820,29,178,12
SSTM,0,0,0,775,0,0,-3
STAA,13,830,795,1050,28,68,18
STAR,5,99,95,167,-34,0,0
STRK,0,50,50,462,186,0,0
STTP,28,9775,6975,16900,22,0,21
SUGI,0,50,50,50,0,0,0
SULI,29,130,92,220,-36,0,1621
SUNI,43,378,260,530,18,0,18
SUPR,79,39900,33900,41450,71,0,19
SURE,32,1315,1100,1760,-34,0,-30
SURI,-30,0,135,585,0,0,0
SWAT,0,50,50,68,-2,0,-27
SWID,22,75,65,109,37,0,14
TALF,12,290,264,476,4,0,3
TAMA,5,18,16,50,28,0,-9
TAMU,6,8,5,50,7,0,-8
TAPG,29,560,505,690,25,43,17
TARA,4,9,7,50,-65,0,0
TAXI,0,50,50,50,-107,0,-7
TAYS,13,99,62,332,-4,0,0
TBIG,34,1960,1780,2300,63,52,13
TBLA,20,660,600,900,10,48,9
TBMS,50,2480,1440,3490,1,0,6
TCID,7,2670,2600,3500,-2,92,0
TCPI,39,7425,5875,9800,12,29,7
TDPM,33,119,118,121,-384,0,-112
TEBE,20,770,715,980,45,68,32
TECH,0,50,50,1380,-381,0,1
TELE,0,50,50,50,0,0,0
TFAS,0,515,476,5350,1,0,0
TFCO,82,665,595,680,-1,0,0
TGKA,27,6650,6150,8000,3,59,24
TGRA,0,50,50,72,3,0,1
TGUK,6,94,84,242,4,0,0
TIFA,100,650,370,650,58,0,4
TINS,0,565,565,1245,-2,92,-2
TIRA,69,400,171,500,3,0,1
TIRT,0,50,50,53,-34976,0,0
TKIM,17,6450,5600,10375,4,2,11
TLDN,42,456,376,565,28,68,11
TLKM,54,3990,3390,4500,33,70,20
TMAS,39,159,43,339,23,52,43
TMPO,23,88,78,121,4,0,0
TNCA,6,184,169,400,3,0,4
TOBA,12,264,216,610,0,65,6
TOOL,31,61,50,85,28,0,12
TOPS,0,5,5,50,-6,0,-19
TOTL,57,398,300,470,-1,252,12
TOTO,12,228,222,272,12,76,11
TOWR,33,925,820,1130,65,35,22
TOYS,0,50,50,73,-81,0,-3
TPIA,84,5475,1995,6125,-3,12,-2
TPMA,63,640,374,790,30,58,20
TRAM,0,50,50,50,0,0,0
TRGU,31,184,163,230,3,27,-1
TRIL,0,50,50,50,0,0,0
TRIM,87,280,181,294,24,0,8
TRIN,17,145,110,314,-473586,0,-6
TRIO,0,426,426,426,0,0,0
TRIS,4,195,188,334,4,0,9
TRJA,18,276,246,410,13,0,9
TRON,19,248,190,482,-10,0,0
TRST,13,474,430,750,-3,0,-3
TRUE,0,50,50,54,-13,0,-8
TRUK,29,90,70,138,0,0,-6
TRUS,47,394,310,486,64,0,7
TSPC,88,2100,1340,2200,12,39,19
TUGU,34,1080,870,1480,7,13,13
TYRE,20,120,90,236,8,0,11
UANG,52,615,270,930,9,0,119
UCID,6,935,910,1320,4,18,6
UDNG,-66,0,49,123,0,0,0
UFOE,48,230,170,294,1,0,6
ULTJ,47,1720,1350,2130,19,29,17
UNIC,13,7975,7650,9975,9,48,6
UNIQ,79,220,54,264,19,0,10
UNIT,42,316,300,338,24,0,0
UNSP,20,105,96,140,7,0,0
UNTR,17,22850,20925,31700,19,110,27
UNVR,7,3170,3010,5050,17,107,88
URBN,28,139,105,224,-186,0,-3
UVCR,54,133,64,191,2,0,18
VAST,13,64,52,141,64,0,4
VICI,58,660,466,800,19,19,22
VICO,14,114,89,258,31,0,5
VINS,63,169,79,220,13,0,8
VIVA,0,50,50,50,-47,0,0
VKTR,28,117,105,147,-8,0,0
VOKS,88,222,131,234,9,0,6
VRNA,16,88,83,113,17,0,6
VTNY,1,173,162,900,-15,0,0
WAPO,8,102,84,308,0,0,-3
WEGE,6,76,71,152,2,14,6
WEHA,71,166,100,192,18,0,14
WGSH,3,81,75,232,19,0,6
WICO,4,119,105,448,-9,0,-487
WIDI,6,37,19,282,3,0,0
WIFI,20,156,124,280,15,0,11
WIIM,31,1695,695,3850,31,29,32
WIKA,9,240,183,760,-41,0,-45
WINE,26,410,274,795,23,14,19
WINR,0,50,50,50,17,0,7
WINS,33,384,232,680,13,0,4
WIRG,9,96,86,197,3,0,9
WMPP,0,50,50,105,-36,0,-28
WMUU,0,50,50,65,-16,0,-13
WOMF,40,356,260,500,24,27,14
WOOD,20,302,250,500,17,0,-1
WOWS,0,50,50,50,17,0,-1
WSBP,0,50,50,95,-24,0,-181
WSKT,3,202,195,380,1,0,-36
WTON,3,101,98,198,8,31,3
YELO,0,50,50,73,1,0,0
YPAS,0,412,410,720,4,0,9
YULE,33,2350,2000,3060,-949,0,1
ZATA,0,50,50,106,-17,0,1
ZBRA,16,456,440,535,2,0,-10
ZINC,0,50,50,50,6,0,-14
ZONE,26,1090,1015,1300,6,0,15
ZYRX,3,167,160,368,18,0,34
