kode,now,l,h,hr,bl,dte,pbv,eg4,rg,pm,opm,etr,tcs,avol,dev,roe,adev,rekom,p
AALI,6825,6675,8500,7023,7339,18,0.6,6,13,6,10,0,1310,403060,59,6,3,hold,8
ABBA,52,50,134,53,75,0,3.2,0,20,-19,-13,1,2,11732550,0,-1664,0,none,2
ABDA,5500,5500,6550,5662,6033,0,2.3,-50,18,6,5,1,3195,10,0,3,1,none,0
ABMM,3500,2600,4340,3413,3539,136,13725.5,-50,-1,21,19,6217,0,853920,22,55,0,none,51
ACES,775,432,890,766,737,14,2.3,67,17,10,12,1,122,44657630,66,14,1,buy,74
ACRO,84,81,191,102,102,78,0.0,141,-14,10,30,4,15,74867980,0,0,0,none,2
ACST,139,117,262,135,149,1,3.6,0,162,-20,-6,0,28,7909000,0,-53,1,none,15
ADCP,50,50,72,50,56,28,0.4,-61,-31,17,10,3,0,11319680,0,3,0,none,0
ADES,10050,6375,14125,9468,9878,0,3.6,27,13,28,35,3,1105,70250,0,29,0,none,47
ADHI,322,280,535,312,403,133,0.3,3,81,0,5,0,378,93302220,0,2,2,strong_buy,16
ADMF,12000,9625,13250,11117,10960,145,1.1,30,20,32,45,4,1436,141060,41,18,8,none,65
ADMG,136,123,186,137,146,0,3885.7,0,-29,-16,-12,5117,0,125120,0,-12,0,none,20
ADMR,1420,740,1595,1378,1170,48,74736.8,5,11,31,44,60328,0,36073260,0,44,0,buy,79
ADRO,2520,2010,3160,2476,2509,22,11454.5,-50,-36,25,29,10853,0,31992250,55,29,10,buy,44
AEGS,100,43,133,94,75,19,0.0,67,6,3,6,2,7,12520170,0,5,0,none,63
AGAR,100,100,296,106,160,60,1.2,-89,-56,-1,-4,0,10,200,0,-6,0,none,0
AGII,1565,1435,2290,1535,1735,88,1.3,124,14,5,17,2,145,186110,10,3,0,none,15
AGRO,278,216,456,307,328,0,2.0,-68,-8,0,9,8,59,11181010,0,0,0,hold,25
AGRS,80,72,102,80,85,0,0.7,82,32,34,36,11,65,1416120,0,5,0,none,26
AHAP,88,50,134,88,81,0,2.2,0,12,-6,-13,1,3,5303360,0,-8,14,none,45
AIMS,670,179,1365,799,418,0,9.6,0,-100,-34,-27,12,1,5031060,0,-23,0,none,41
AISA,130,105,184,134,136,40,1.5,0,9,0,6,0,6,5281410,0,-1,0,none,31
AKKU,50,50,55,50,50,18,0.7,0,38,0,-61,62,1,768270,0,-9,0,none,0
AKPI,700,630,1350,727,852,65,0.3,0,-9,0,-1,0,96,2870,50,-1,0,none,9
AKRA,1625,1255,1695,1537,1447,35,3.0,11,-18,5,8,0,328,26503440,77,22,4,buy,84
AKSI,150,130,286,147,176,43,0.6,-64,-14,-2,-7,0,81,5241800,0,-5,0,none,12
ALDO,675,580,935,761,705,67,1.1,-77,32,1,4,0,72,79630,8,1,0,buy,26
ALII,0,268,440,390,390,0,0.0,0,0,0,0,0,0,338456820,0,0,0,0,-155
ALKA,446,312,1015,474,551,1,1.2,-41,-31,1,2,0,657,274900,0,28,0,none,19
ALMI,171,165,300,188,209,98,24428.6,0,-3,-15,-15,11074,0,22640,0,-27,0,none,4
ALTO,50,50,50,50,50,168,0.3,0,-30,-9,0,2,0,1000,0,-8,0,none,0
AMAG,290,280,396,290,330,0,0.9,-8,17,16,18,0,245,52510,65,8,4,none,8
AMAN,114,105,1000,120,139,9,0.6,106,42,37,37,2,2,1096480,0,9,0,none,1
AMAR,228,197,350,300,300,0,1.3,0,205,29,45,4,83,3102620,0,6,0,none,20
AMFG,5825,4700,6650,5865,5649,48,0.6,0,5,6,19,0,284,32490,9,9,1,none,57
AMIN,157,88,208,166,138,31,1.0,141,31,6,7,0,17,13190,0,11,0,none,57
AMMN,7900,1700,8350,7024,5673,61,131666.7,0,-3,20,33,283508,0,31610390,0,0,0,none,93
AMMS,35,30,61,38,42,0,0.6,-23,-1,14,12,1,20,543310,0,0,0,none,16
AMOR,1100,850,1500,1017,1041,5,8.5,-6,-3,30,30,7,77,687080,95,34,0,strong_buy,38
AMRT,2770,2490,3060,2755,2803,13,9.5,16,8,3,2,1,77,30587950,30,28,1,buy,49
ANDI,50,50,53,50,50,73,2.2,0,-20,-18,-4,2,0,1575,0,-19,0,none,0
ANJT,710,625,1025,728,749,34,5680.0,184,7,0,17,9762,0,535520,614,0,0,none,21
ANTM,1530,1405,2160,1614,1816,14,1.8,-12,-38,6,10,0,313,58010030,47,0,3,buy,16
APEX,169,127,340,177,187,197,7041.7,0,-24,0,1,7587,0,3297400,0,0,0,none,19
APIC,1200,1055,1545,1228,1134,64,6.1,134,-7,9,-3,7,153,4497940,0,8,0,none,29
APII,187,174,218,188,190,31,0.5,-9,1,4,7,1,12,20500,0,3,0,none,29
APLI,595,242,690,551,488,26,2.5,-9,-18,11,17,1,76,50010,0,19,0,none,78
APLN,123,120,175,126,140,54,0.3,-49,-60,17,35,2,43,8153850,0,7,0,none,5
ARCI,348,308,484,390,364,156,34800.0,243,23,4,6,38731,0,5947790,0,4,0,strong_buy,22
ARGO,970,450,1000,968,708,407,21.9,0,13,-107,-7,42,3,1210,0,0,0,none,94
ARII,216,142,434,221,235,129,11368.4,0,-12,-2,-9,2637,0,146140,0,-7,0,none,25
ARKA,50,50,50,50,50,208,0.9,27,-46,2,8,1,1,1004830,0,5,0,none,0
ARKO,970,510,1000,737,695,114,6.4,-29,-68,28,29,17,24,13976310,0,13,0,none,93
ARMY,50,50,50,50,50,0,0.0,0,0,0,0,0,0,0,0,0,0,none,0
ARNA,690,630,1050,678,769,9,2.7,-21,3,18,20,1,62,3886780,89,24,4,buy,14
ARTA,2710,1415,3000,2758,2036,0,7.6,5,27,7,0,18,72,25950,0,2,0,none,81
ARTI,5,4,50,7,38,0,0.0,0,144,8,58,0,0,2683760,0,0,0,none,2
ARTO,2960,1530,3860,3174,2672,0,4.9,-16,18,2,5,29,242,13514420,0,0,0,hold,61
ASBI,720,430,745,682,598,0,0.6,388,24,5,37,1,59,90670,0,3,2,none,92
ASDM,478,446,555,475,480,1,0.5,58,0,10,3,0,326,24060,61,5,8,none,29
ASGR,905,865,1125,906,948,1,0.7,74,-6,5,8,0,865,1120010,24,9,5,none,15
ASHA,50,50,185,50,77,6,1.4,0,3,0,-10,0,0,12660,0,0,0,none,0
ASII,5200,4900,7000,5437,6118,36,1.1,59,1,9,12,0,1279,78686790,82,17,4,hold,14
ASJT,117,100,139,121,118,0,0.5,14,20,0,-1,0,74,124430,0,0,6,none,43
ASLC,96,76,131,97,99,1,1.8,0,10,3,5,1,30,7617170,0,3,0,buy,36
ASLI,50,50,133,55,55,7,0.0,58,33,11,17,1,2,18111300,0,0,0,none,0
ASMI,50,50,82,50,50,1,1.1,0,7,-3,-11,0,34,1020,0,-3,0,none,0
ASPI,144,101,492,141,254,33,1.6,0,-60,-39,-39,14,1,238610,0,-5,0,none,10
ASRI,155,144,202,162,174,58,0.3,0,12,28,42,1,68,7479240,0,11,1,hold,18
ASRM,1550,1510,1710,1549,1626,1,0.7,-45,-14,4,1,0,1150,540,22,14,4,none,20
ASSA,700,685,1420,783,993,164,1.4,0,-23,1,1,1,252,8381220,0,0,3,hold,2
ATAP,50,50,84,51,58,35,0.8,23,-57,6,10,2,9,84210,0,2,0,none,0
ATIC,404,332,565,402,364,1103,36.9,0,39,0,6,0,149,35290,0,65,0,none,30
AUTO,2200,1405,3620,2361,2648,3,0.8,27,-4,9,6,0,685,4317990,29,15,4,buy,35
AVIA,590,422,760,516,578,0,3.6,10,4,21,21,4,102,23083090,89,14,0,buy,49
AWAN,286,135,460,275,275,1,10.8,-6,44,1,23,32,12,1202610,0,0,0,none,46
AXIO,202,107,252,190,169,19,2.2,21,-29,8,16,0,10,3090740,0,25,0,none,65
AYAM,0,92,182,110,110,0,0.0,0,0,0,0,0,0,45716840,0,0,0,0,-102
AYLS,50,50,102,51,62,0,1.0,0,-57,-80,-21,9,0,94440,0,-8,0,none,0
BABP,53,50,107,59,71,0,0.5,-19,2,7,18,0,85,19228080,0,1,0,none,5
BABY,160,152,332,179,211,30,0.8,0,25,5,-5,0,4,13968710,0,12,0,none,4
BACA,130,128,154,130,130,0,0.8,233,14,12,27,4,71,2425360,0,2,0,none,7
BAIK,0,158,346,184,184,0,0.0,0,0,0,0,0,0,234158000,0,0,0,0,-84
BAJA,115,107,222,125,145,350,2.1,0,0,-5,-1,0,7,588670,0,-42,0,none,6
BALI,1035,600,1435,1001,851,99,1.6,-29,-3,19,45,6,11,25260,67,7,0,none,52
BANK,1100,930,1495,1165,1175,0,5.2,0,198,-161,-85,88,115,2691220,0,-10,0,buy,30
BAPA,57,50,105,60,69,2,0.3,0,10,-21,-90,4,0,1068740,0,-1,0,none,12
BAPI,50,50,50,50,50,36,0.7,0,39,-64,-62,205,0,0,0,0,0,none,0
BATA,99,76,740,126,313,54,0.5,0,-10,-25,-12,0,3,452040,0,-51,2,none,3
BAUT,50,50,50,50,50,9,1.2,-69,3,0,0,0,0,3530,0,0,0,none,0
BAYU,1355,830,1750,1425,1330,0,1.2,55,-11,3,4,0,1333,351620,0,18,0,none,57
BBCA,9950,8250,10000,9434,9150,0,5.1,3,7,49,59,11,1141,100574960,53,21,1,buy,97
BBHI,1175,995,2230,1282,1427,0,3.7,73,33,40,46,22,74,309500,0,6,0,none,14
BBKP,80,72,122,80,91,0,0.9,0,0,0,410,-7,54,31821720,0,-42,5,none,15
BBLD,515,466,1100,633,687,290,0.6,-16,5,27,29,11,315,24750,24,8,3,none,7
BBMD,1950,0,2050,1909,1930,0,1.6,-21,-8,42,58,6,305,110,32,9,1,none,95
BBNI,6000,4312,6225,5485,4917,0,1.5,11,-3,43,36,3,2885,62312200,35,14,2,buy,88
BBRI,6150,4640,6275,5679,5463,0,3.0,34,4,43,42,6,1057,172329670,93,19,3,buy,92
BBRM,65,50,92,65,65,4,21666.7,138,11,31,46,54664,0,2046360,0,11,0,none,35
BBSI,4300,2830,4300,3632,3496,0,5.0,110,118,47,67,59,425,31150,0,4,0,none,100
BBSS,78,50,147,81,79,0,1.5,0,529,0,-186,1052,0,2032740,0,0,0,none,28
BBTN,1365,1150,1410,1280,1274,0,0.7,4,-5,25,66,2,2665,40131540,17,12,1,buy,82
BBYB,294,208,685,392,388,0,1.1,0,13,-109,-84,1,201,21839090,0,-27,0,strong_buy,18
BCAP,50,50,76,50,53,38,0.4,57,6,7,17,-1,170,826460,0,2,0,none,0
BCIC,116,93,173,120,121,0,0.6,-70,-10,13,11,-2,248,368120,0,3,0,none,28
BCIP,56,53,71,60,62,5,0.2,-15,-1,15,27,1,13,7615180,0,3,0,none,16
BDKR,530,204,620,518,460,27,3.3,-14,37,12,17,4,24,7288000,0,0,0,none,78
BDMN,2870,2600,3320,2805,2859,0,0.6,26,10,21,34,1,1398,1970910,34,7,3,hold,37
BEBS,50,50,595,50,84,0,2.7,0,-95,14,-16,5,0,13240,0,6,0,none,0
BEEF,250,53,290,239,147,0,12.8,0,1105,5,8,4,0,1490330,0,0,0,none,83
BEER,266,220,414,283,314,0,4.7,-71,11,24,4,19,8,180380,0,9,0,none,23
BEKS,50,50,50,50,50,0,1.6,0,19,-45,15,7,10,373890,0,-7,0,none,0
BELI,474,418,496,478,462,19,7.3,0,-3,-27,-23,3,16,6976800,0,-48,0,hold,71
BELL,75,65,144,75,96,55,2.4,-42,11,0,3,1,1,23774550,0,2,0,none,12
BESS,194,124,250,202,170,20,1.2,140,-14,20,18,1,30,667810,0,14,0,none,55
BEST,133,123,195,135,152,32,0.3,0,61,7,27,4,51,6624080,0,0,2,hold,13
BFIN,1305,955,1535,1191,1218,145,2.1,-31,-9,38,40,7,141,20487220,54,18,4,buy,60
BGTG,72,60,106,75,75,0,0.5,25,7,26,52,-1,86,7915640,0,2,0,none,26
BHAT,380,366,875,473,556,46,3.6,0,-13,1,7,8,148,13750,0,0,0,none,2
BHIT,50,50,64,50,51,32,0.2,0,-22,0,8,1,105,507080,0,3,0,none,0
BIKA,53,50,95,51,67,0,0.0,0,33,-17,-3,2,141,27160,0,0,0,none,6
BIKE,392,189,530,413,349,9,4.3,-54,64,1,1,1,0,11808260,0,5,0,none,59
BIMA,91,56,165,92,92,140,0.7,0,-40,-1,0,1,3,529360,0,-1,0,none,32
BINA,4220,3610,4400,4209,4036,0,7.4,31,20,35,39,29,1036,79980,0,7,0,none,77
BINO,126,105,135,125,122,12,0.6,128,5,2,6,0,5,413260,0,1,0,none,70
BIPI,92,84,169,98,115,117,11500.0,-53,2499,4,16,11676,0,241224910,0,4,0,buy,9
BIPP,50,50,51,50,50,54,0.3,0,-11,-2,25,3,43,444,0,1,0,none,0
BIRD,1765,1595,2430,1771,1983,15,0.8,-5,18,10,11,1,352,3190950,38,8,2,buy,20
BISI,1605,1350,1795,1544,1558,0,1.6,45,8,21,32,1,370,511050,46,14,5,none,57
BJBR,1205,1105,1410,1159,1167,0,0.8,-14,-12,21,29,4,440,2286600,57,13,6,buy,32
BJTM,685,600,750,640,640,0,0.8,10,4,29,34,0,1526,11400920,54,12,7,strong_buy,56
BKDP,54,50,88,53,54,38,1.0,0,22,-106,-23,22,0,1432990,0,-6,0,none,10
BKSL,52,50,60,50,50,15,0.6,0,21,-9,1,20,0,39719250,0,0,0,none,20
BKSW,77,71,118,79,85,0,0.6,0,0,2,8,-4,140,716550,0,0,0,none,12
BLTA,50,50,50,50,50,49,25000.0,38,61,42,26,34345,0,62080,0,35,2,none,0
BLTZ,1910,1820,3900,2182,2152,337,3.8,0,-14,-7,5,2,182,1400,0,-17,0,none,4
BLUE,366,276,525,358,364,0,1.7,35,3,13,20,1,8,80610,0,21,0,none,36
BMAS,530,525,1150,566,683,0,1.4,-78,-3,16,8,1,448,7900,0,3,0,none,0
BMBL,19,17,80,20,31,2,0.2,0,90,15,13,1,0,477520,0,0,0,none,3
BMHS,304,268,420,325,364,60,1.6,-90,-8,1,5,2,73,713800,71,1,0,strong_buy,23
BMRI,7200,4912,7400,6326,5804,0,2.6,52,18,43,58,5,1860,137386590,44,22,4,buy,91
BMSR,320,244,745,333,334,19,0.5,-68,-29,2,6,0,266,50320,0,14,0,none,15
BMTR,248,240,388,260,289,28,0.3,-85,-21,7,5,2,117,50167010,0,4,1,none,5
BNBA,655,486,1425,724,789,0,0.7,4,13,8,28,-1,783,198640,0,1,3,none,17
BNBR,50,50,73,50,52,91,0.5,-87,6,6,8,-2,630,158890,0,15,0,none,0
BNGA,1975,1180,2020,1732,1658,0,1.0,27,12,37,50,2,1325,15555650,47,13,5,hold,94
BNII,252,218,312,247,257,0,0.7,-28,-4,20,21,3,132,1216350,35,5,2,none,36
BNLI,935,895,1060,925,941,0,0.9,0,55,28,25,0,0,64550,21,6,0,none,24
BOBA,163,132,248,164,153,0,1.3,184,28,7,17,1,6,164490,0,7,0,none,26
BOGA,1135,1050,1265,1136,1189,54,8.8,-93,-9,1,-3,4,103,178927660,0,1,0,none,39
BOLA,140,130,244,157,177,1,1.3,0,16,-3,-12,1,66,482470,0,-1,0,none,8
BOLT,750,550,1060,749,812,32,2.1,111,-2,10,15,1,4,145350,36,15,0,none,39
BOSS,50,50,77,50,50,0,0.0,0,-90,-93,-249,1,0,1920,0,0,0,none,0
BPFI,354,292,510,406,412,58,0.9,-14,6,26,33,6,7,15922,16,6,0,none,28
BPII,10350,10200,10850,10339,10463,49,3.5,0,0,9,21,6,1224,0,267,8,0,none,23
BPTR,68,66,187,83,102,160,0.5,31,24,8,24,2,14,2813870,0,8,0,none,1
BRAM,5775,5625,8300,5895,6611,3,12183.5,-91,-25,6,6,9569,0,1920,78,9,6,none,5
BREN,5475,975,8200,6288,5544,437,2737499.8,31,10,0,0,0,0,20456960,0,0,0,none,62
BRIS,2330,1445,2450,1946,1717,0,2.8,42,19,32,41,5,496,54539960,7,15,0,buy,88
BRMS,150,114,226,166,172,6,18750.0,86,507,49,28,589618,0,148923080,0,1,0,hold,32
BRNA,940,800,1100,954,956,117,1.5,0,-1,-11,-1,1,51,144,0,-16,5,none,46
BRPT,1010,710,1950,1258,1039,114,59411.8,123,-2,1,10,35042,0,124338180,37,2,0,hold,24
BSBK,58,50,64,54,51,25,0.9,0,31,6,31,5,0,27964580,0,1,0,none,57
BSDE,1035,925,1235,1051,1083,37,0.6,25,-30,31,33,2,662,7972630,0,9,0,buy,35
BSIM,880,755,1050,883,885,0,2.3,129,22,8,2,3,392,33770,0,3,0,none,42
BSML,200,107,450,176,172,85,3.1,-2,-34,4,7,1,2,49147410,0,15,0,none,27
BSSR,3690,3130,4480,3756,3816,2,42907.0,-72,-11,14,7,8307,0,416660,128,67,0,none,41
BSWD,1650,1187,1750,1361,1231,0,1.7,0,105,32,42,41,336,77,0,1,0,none,82
BTEK,50,50,50,50,50,233,2.1,0,74,-69,-13,30,0,22,0,-8,0,none,0
BTEL,50,50,50,50,50,0,0.0,0,0,0,0,0,0,0,0,0,0,none,0
BTON,392,358,474,410,422,0,1.1,7,-14,15,7,0,379,4110,0,9,0,none,29
BTPN,2590,2380,2810,2611,2655,0,0.5,-14,-4,24,32,4,1915,15610,22,8,0,hold,48
BTPS,1420,1420,2540,1619,1873,0,1.3,-83,-39,31,15,3,108,13359240,66,12,0,hold,0
BUAH,1810,825,2200,2081,1700,1,11.0,-7,33,1,3,0,152,401010,0,20,0,none,71
BUDI,272,200,294,270,248,85,0.9,-20,44,2,4,0,28,814620,37,7,4,none,76
BUKA,168,168,270,197,212,0,0.7,0,28,-55,-11,-1,226,108846380,0,-9,0,buy,0
BUKK,1015,875,1600,1058,1116,46,0.6,18,86,11,5,0,134,17720,0,16,0,none,19
BULL,135,56,189,143,107,110,13500.0,-62,7,-18,32,14696,0,298231640,0,-15,0,hold,59
BUMI,88,84,186,90,115,7,22000.0,0,-32,13,-16,20296,0,295861080,0,12,2,none,3
BUVA,54,34,72,58,54,103,1.2,0,40,9,0,4,1,1597550,0,6,0,none,52
BVIC,90,84,135,91,96,0,0.4,-13,20,28,44,3,47,844390,0,6,0,none,11
BWPT,51,50,73,52,55,261,0.7,-73,-4,3,16,1,1,4138500,0,6,1,none,4
BYAN,19525,13200,23800,19572,18487,0,314919.4,13,33,35,52,158253,0,57570,107,66,0,none,59
CAKK,121,107,234,158,174,89,0.7,0,-5,-6,-15,1,0,3465340,0,-5,0,none,11
CAMP,338,292,434,360,353,0,2.1,35,-1,11,16,1,85,674925,91,13,0,none,32
CANI,50,50,120,50,80,0,0.0,0,-20,-107,-49,12406,0,3366,0,0,0,none,0
CARE,166,130,545,164,376,30,1.8,0,-4,-48,-42,26,23,269749630,0,-3,0,none,8
CARS,105,72,122,98,98,245,2.9,8,25,2,4,0,25,11769980,0,25,0,none,66
CASA,730,432,770,668,645,23,5.3,0,-25,0,16,2,349,4476750,0,0,0,none,88
CASH,135,58,161,121,97,13,1.2,0,198,-3,-1,1,20,651410,0,-4,0,none,74
CASS,855,398,950,834,655,8,2.7,65,26,8,24,0,132,718400,0,48,1,none,82
CBMF,50,50,50,50,50,29,0.4,0,-69,-30,-114,8,0,0,0,-2,0,none,0
CBPE,130,109,160,127,130,15,0.9,197,66,40,54,2,57,170640,0,15,0,none,41
CBRE,50,50,79,50,50,14,1.3,-69,-3,19,18,4,11,48800,0,6,0,none,0
CBUT,1770,1360,4000,1768,2361,157,6.3,-11,31,2,3,0,114,29288,0,33,0,none,15
CCSI,444,380,800,469,553,50,1.3,0,-51,1,-6,1,26,8570,0,1,0,none,15
CEKA,1855,1810,2150,1863,1908,0,0.7,0,29,3,3,0,765,14410,29,13,0,none,13
CENT,54,50,115,56,68,0,0.0,0,4,-76,33,8,5,1345080,0,0,1,none,6
CFIN,476,320,750,488,526,65,0.3,3,29,89,37,5,9,4847880,41,18,3,none,36
CGAS,157,148,1030,388,388,69,0.0,-22,-15,2,2,0,12,110406450,0,0,0,none,1
CHEM,108,98,166,117,115,12,1.6,-6,3,2,5,1,4,20276010,0,2,0,none,14
CHIP,2300,262,2950,2290,1898,60,31.0,0,0,6,7,5,36,801480,9,0,0,none,75
CINT,146,125,266,166,184,23,0.5,-87,-25,-2,3,0,12,1100760,0,-3,0,none,14
CITA,2190,1840,4020,2298,2430,5,1.9,-57,-53,7,0,2,65,34290,12,7,0,none,16
CITY,53,50,147,67,64,0,0.3,0,5,-46,-118,5,6,918690,0,-2,0,none,3
CLAY,179,86,560,127,211,14053,240.9,0,55,-2,22,3,4,3830,0,0,0,none,19
CLEO,690,452,795,668,640,20,6.0,62,11,16,26,5,0,1904150,8,19,0,none,69
CLPI,985,925,1050,985,985,11,0.6,-27,11,5,8,0,783,36720,44,8,7,none,48
CMNP,1505,1480,1890,1565,1618,37,0.7,63,-98,24,3240,3,78,85490,0,9,0,none,6
CMNT,1150,755,1195,1083,969,245,5.3,0,3,1,11,3,25,41669870,0,2,0,none,89
CMPP,121,111,185,122,137,0,0.0,0,38,-16,-14,1,5,909780,0,0,0,none,13
CMRY,4260,3520,5325,4025,4032,0,6.0,15,21,15,20,4,312,1846450,48,21,0,strong_buy,40
CNKO,50,50,50,50,50,0,0.0,0,42,-13,6,0,11,3140,0,0,0,none,0
CNMA,246,234,340,263,276,0,7.4,0,0,10,15,4,0,11305230,0,15,0,buy,11
CNTX,122,122,248,122,127,0,0.0,0,-39,-11,-5,639,0,0,0,0,0,none,0
COAL,50,50,173,50,66,46,0.9,-89,-38,4,2,0,11,7799250,0,10,0,none,0
COCO,158,145,270,167,190,190,0.7,0,-45,-5,0,1,153,95930,0,-6,0,none,10
COWL,50,50,50,50,50,0,0.0,0,0,0,0,0,0,0,0,0,0,none,0
CPIN,4800,4330,5975,4832,5115,31,2.7,68,9,4,11,1,219,9133830,0,8,1,buy,28
CPRI,50,50,51,50,50,11,0.7,0,23,-107,-8,41,0,0,0,-2,0,none,0
CPRO,51,50,91,51,53,61,0.9,0,9,4,9,0,2,43319630,0,12,0,none,2
CRAB,224,212,334,273,249,38,2.3,7,16,1,1,0,7,5262180,0,4,0,none,9
CRSN,103,91,168,110,109,10,1.4,51,24,8,10,0,18,751720,0,0,0,none,15
CSAP,600,430,845,607,616,113,1.0,6,7,1,3,0,27,25190,23,8,1,none,40
CSIS,50,50,74,50,55,7,0.4,-94,-57,11,10,4,11,249280,0,3,0,none,0
CSMI,2860,2520,3190,2895,3085,461,287.2,0,-91,-57,38,227,0,10,0,-54,0,none,50
CSRA,464,400,710,475,484,52,0.9,0,22,14,33,1,33,88830,0,11,0,none,20
CTBN,1025,1025,2570,1241,1647,0,8686.4,0,119,4,12,4334,0,150,0,8,7,none,0
CTRA,1220,920,1300,1195,1117,36,1.2,-22,-17,17,31,2,514,20253560,18,7,1,buy,78
CTTH,15,12,52,15,41,201,0.1,0,-1,-30,19,3,2,80570,0,-15,0,none,7
CUAN,6625,240,13750,10788,4747,0,45.5,-94,-62,28,8,42,49,13523660,0,0,0,none,47
CYBR,222,130,282,201,204,0,0.0,0,0,-5,-3,8,0,3084130,0,0,0,none,60
DADA,6,5,50,11,40,27,0.1,0,-98,3,-1933,4,0,45178650,0,0,0,none,2
DART,140,115,218,134,137,192,0.2,0,41,-92,12,9,11,79750,0,-18,0,none,24
DAYA,310,168,382,298,246,4062,122.2,0,33,-4,-1,0,72,38780,0,-172,0,none,66
DCII,36475,32525,59050,40898,37023,57,44.5,15,12,38,51,70,152,2320,0,27,0,none,14
DEAL,6,3,50,11,40,0,0.0,0,-65,-31,-85,2,4,7515900,0,0,0,none,6
DEFI,1455,1455,1610,1455,1455,0,21.9,0,-62,0,-174,-115,20,0,0,-22,11,none,0
DEPO,384,336,488,374,413,4,2.1,0,5,3,2,0,40,50730,29,8,0,none,31
DEWA,58,50,93,63,63,48,0.4,0,21,-1,1,0,20,68348470,0,-3,0,none,18
DEWI,61,50,394,60,103,13,0.8,348,-43,9,18,1,10,10999270,0,5,0,none,3
DFAM,51,50,92,56,66,374,2.3,0,-19,-22,6,3,0,1538780,0,-33,0,none,2
DGIK,95,72,149,91,105,14,0.8,0,33,8,5,1,1,14159870,0,5,0,none,29
DGNS,256,160,318,263,230,18,1.6,0,-23,-6,-8,2,17,275270,0,-4,0,none,60
DIGI,13,8,50,15,41,0,0.0,0,68,-11,-9,0,0,1277250,0,0,0,none,11
DILD,194,158,292,194,209,79,0.4,-16,-11,2,31,1,74,6197930,0,15,1,none,26
DIVA,181,176,900,217,354,8,0.2,0,-24,-19,0,0,636,229920,0,-44,0,none,0
DKFT,104,76,141,109,106,192,0.9,0,14,9,10,0,114,3461550,0,6,0,none,43
DLTA,3400,3350,4150,3491,3660,0,3.0,-21,-10,28,30,2,750,62890,126,22,3,none,6
DMAS,161,160,179,162,169,0,1.3,-92,-92,63,-165,4,19,11062420,113,17,13,strong_buy,5
DMMX,256,222,1020,279,393,4,2.2,0,19,-3,1,0,54,3742420,0,-9,0,strong_buy,4
DMND,805,755,875,810,817,6,1.4,-43,7,3,2,0,106,15160,0,6,0,none,41
DNAR,120,107,168,119,126,0,0.6,80,0,6,16,5,36,236060,0,0,0,none,21
DNET,4470,3890,4770,4630,4410,50,5.0,-57,26,67,37,46,362,4710,0,8,0,none,65
DOID,342,276,570,367,385,358,9500.0,12,18,1,11,1419,0,13318610,6,11,0,strong_buy,22
DOOH,96,50,252,82,89,4,3.3,-64,237,1,8,4,2,412638000,0,1,0,none,22
DPNS,400,378,585,426,434,12,0.4,-42,-58,12,12,0,499,32680,0,4,2,none,10
DPUM,25,15,50,29,33,131,0.2,0,75,-3,0,0,2,253870,0,-5,0,none,28
DRMA,1215,605,1815,1353,1391,27,3.2,63,40,12,14,1,66,5150350,14,42,0,buy,50
DSFI,61,59,96,66,72,35,0.5,-25,15,2,3,0,6,907040,0,5,0,none,5
DSNG,515,490,730,534,569,70,0.7,-67,-21,8,15,1,41,44784300,39,10,2,hold,10
DSSA,128500,33950,163000,104156,61141,29,62318.1,-40,-42,10,13,13439,0,2487,0,55,0,none,73
DUCK,176,173,190,176,176,5,0.2,0,-84,11,-20,-1,546,0,0,4,0,none,17
DUTI,4640,4160,4950,4649,4676,0,0.8,83,15,31,41,1,1566,630,0,13,0,none,60
DVLA,1650,1400,2110,1669,1869,0,1.3,0,-17,4,0,0,304,18110,160,5,4,none,35
DWGL,103,83,242,114,126,181,3.8,351,25,2,9,0,19,145320,0,28,0,none,12
DYAN,81,73,143,82,103,45,0.6,-61,23,5,3,0,42,3205320,0,13,0,none,11
EAST,146,95,184,145,139,1,2.4,29,21,35,42,5,0,700010,0,14,0,none,57
ECII,268,260,454,282,343,2,0.3,0,8,0,-2,0,372,42340,38,1,0,none,4
EDGE,5100,3300,11550,4972,4219,9,7.4,33,5,27,32,11,73,630980,0,19,0,none,21
EKAD,254,240,294,248,256,2,0.8,6,-15,12,17,1,85,337720,0,6,2,none,25
ELIT,90,76,330,87,121,23,1.6,0,81,4,2,0,4,1945930,0,0,0,none,5
ELPI,280,212,338,286,260,15,1.2,215,115,17,24,2,35,9009040,19,9,0,none,53
ELSA,402,292,460,395,386,29,0.7,143,0,3,6,0,256,11845060,38,11,4,none,65
ELTY,50,50,50,50,50,11,0.3,68,21,-20,3,2,2,24300,0,-10,0,none,0
EMDE,130,101,206,124,123,61,0.3,0,25,-36,-35,8,16,19620,0,-3,0,none,27
EMTK,456,454,1075,537,605,2,0.8,0,0,-1,-1,1,157,49382150,26,-1,1,buy,0
ENAK,1460,1040,1560,1299,1302,181,12.3,0,8,2,-1,2,12,40580,86,11,0,strong_buy,80
ENRG,204,193,302,221,232,23,7846.2,4,-7,16,26,12523,0,19926680,0,13,0,none,10
ENVY,50,50,51,50,50,0,3.1,0,0,0,-36745,307,0,0,0,-169,0,none,0
ENZO,50,50,52,50,50,68,0.7,-86,113,0,2,0,0,2700,0,0,0,none,0
EPAC,7,6,50,8,16,136,0.2,0,45,-36,-10,1,0,452160,0,-32,0,none,2
EPMT,2590,2500,3200,2611,2702,3,1.0,-18,0,2,3,0,180,10410,77,10,5,none,12
ERAA,442,326,560,411,444,105,1.0,-79,20,1,1,0,93,47803220,36,12,2,strong_buy,49
ERAL,306,242,480,310,329,0,1.4,0,0,6,7,0,0,2605640,0,22,0,none,26
ERTX,264,122,446,254,297,173,13894.7,-61,10,3,3,2812,0,595380,0,16,0,none,43
ESIP,50,50,59,50,50,0,0.6,605,-4,0,2,0,1,8040,0,0,0,none,0
ESSA,545,480,1130,541,610,32,24772.7,-27,-35,10,41,27217,0,46321910,147,9,0,buy,10
ESTA,72,69,136,80,87,66,1.1,0,16,8,13,5,15,831600,0,2,0,none,4
ESTI,50,50,65,50,50,203,7142.9,0,-27,1,6,4502,0,1411,0,2,0,none,0
ETWA,70,70,372,89,117,0,0.0,0,-100,0,-96427,37238,0,0,0,0,0,none,0
EURO,110,65,332,125,183,0,4.7,-29,-21,17,8,9,11,428860,0,0,0,none,16
EXCL,2270,1695,2560,2155,2166,173,1.1,103,12,3,13,2,73,14795090,43,4,0,buy,66
FAPA,5300,4270,5375,5298,5159,83,5.0,-79,14,5,12,4,113,12030,0,7,0,none,93
FAST,730,645,995,739,779,112,3.2,0,3,-3,-11,0,53,7780,0,-21,1,none,24
FASW,5800,5550,6400,5800,5885,145,3.3,0,-4,-8,-6,2,30,0,245,-13,0,none,29
FILM,5350,610,6250,4709,3508,0,31.4,-18,-18,26,27,144,49,12324230,0,5,0,none,84
FIMP,63,43,78,66,64,2,0.9,0,798,17,-9,2,9,24570,0,6,0,none,57
FIRE,90,53,210,115,98,19,0.7,-71,-83,-50,19,0,10,6487960,0,-38,0,none,23
FISH,5550,5450,7300,5517,5845,102,16567.2,655,0,1,2,1871,0,0,54,17,4,none,5
FITT,585,422,665,549,595,73,14.2,0,9,-52,-26,37,2,200430,0,-18,0,none,67
FLMC,29,26,79,57,73,5,0.3,0,-19,0,-27,0,29,42910,0,0,0,none,5
FMII,232,141,688,292,305,9,2.2,-60,-50,40,45,28,0,29410,0,3,0,none,16
FOLK,61,50,135,60,68,1,0.0,0,-15,-10,-6,8,4,1294780,0,0,0,none,12
FOOD,115,79,166,111,100,6,3.5,0,-5,-16,-35,0,23,6405900,0,-55,0,none,41
FORU,412,130,428,205,173,5,5.5,0,-1,-6,-11,3,65,956966,0,-8,3,none,94
FORZ,50,50,50,50,50,24,0.3,0,-69,20,-18,2,1,0,0,4,0,none,0
FPNI,192,177,246,197,199,0,9600.0,56,-23,0,1,2691,0,874170,0,3,0,none,21
FREN,51,50,69,50,55,162,1.1,0,8,-10,5,3,6,78497280,0,-8,0,buy,5
FUJI,238,196,370,261,268,0,1.9,431,0,21,68,11,99,103650,0,2,0,none,24
FUTR,50,50,177,50,52,0,1.7,-38,183,1,17,2,1,48030,0,0,0,none,0
FWCT,71,50,129,73,61,73,0.5,2178,35,0,13,0,9,2687200,0,0,0,none,26
GAMA,18,18,50,18,21,9,0.2,0,-79,-191,-219,15,0,0,0,-3,0,none,0
GDST,117,105,212,130,139,44,0.8,-45,-1,9,8,0,46,1107590,0,21,0,none,11
GDYR,1335,1200,1560,1387,1354,16,11033.1,0,2,2,7,3197,0,34630,0,10,1,none,37
GEMA,240,165,460,253,280,106,0.9,0,14,3,4,0,40,72400,0,9,2,none,25
GEMS,5800,5475,7975,5874,6168,20,55769.2,-61,-16,20,12,11722,0,43140,71,114,0,none,13
GGRM,20350,19525,30050,20354,24246,11,0.7,115,-19,5,6,0,2204,827730,40,9,3,hold,7
GGRP,412,392,615,450,450,21,6058.8,-76,-37,4,2,6568,0,247080,0,3,0,none,8
GHON,1920,1700,2190,1836,1825,39,1.4,42,11,51,65,7,15,11500,0,13,0,none,44
GIAA,69,50,105,72,75,0,0.0,0,33,-1,13,2233,0,94083590,0,0,0,none,34
GJTL,1060,570,1415,1077,918,65,0.5,0,0,4,14,0,290,16039280,0,9,0,none,57
GLOB,93,91,126,105,108,0,0.0,-70,48,-83,1,7,2,350,0,0,0,none,5
GLVA,420,410,1100,535,677,121,2.0,-48,-26,3,5,0,73,87260,0,23,0,none,1
GMFI,78,50,102,79,71,0,0.0,0,51,7,7,6514,0,1154930,0,0,0,none,53
GMTD,4300,1450,5225,3161,1921,0,6.7,0,127,18,43,9,13,6390,0,14,0,none,75
GOLD,290,228,492,287,331,0,1.0,0,0,33,40,6,46,38490,0,4,0,none,23
GOLL,50,50,50,50,50,0,0.0,0,0,0,0,0,0,0,0,0,0,none,0
GOOD,428,394,494,425,438,48,4.9,44,-1,4,8,1,20,692780,43,15,0,none,34
GOTO,83,54,147,87,94,1,0.7,0,-20,-207,-74,4,23,3271233390,0,-22,0,buy,31
GPRA,92,88,128,94,101,19,0.3,6,3,20,35,1,15,2475100,5,7,1,none,10
GPSO,124,100,200,132,125,0,1.7,0,-25,-14,-83,5,1,8772860,0,-4,0,none,24
GRIA,117,76,162,116,108,167,2.2,0,140,11,4,22,1,1845720,0,0,0,none,47
GRPH,0,55,134,76,76,0,0.0,0,0,0,0,0,0,22592910,0,0,0,0,-69
GRPM,42,41,108,49,60,0,1.0,0,-38,0,0,0,31,234400,0,0,0,none,1
GSMF,65,52,86,61,65,3,0.4,-51,-24,0,3,0,120,107600,0,0,0,none,38
GTBO,392,106,1025,408,406,2,17043.5,-5,-40,25,18,16339,0,5065320,6,29,0,none,31
GTRA,125,112,442,271,270,228,0.9,0,0,7,30,2,6,8494250,0,0,0,none,3
GTSI,51,50,60,50,51,45,17000.0,0,-65,18,-35,29756,0,6878050,0,11,0,none,10
GULA,396,240,700,324,354,49,2.8,0,155,1,2,1,45,9390170,0,2,0,none,33
GWSA,148,145,210,153,162,7,0.2,8,-32,41,-84,28,21,174400,0,0,0,none,4
GZCO,100,79,179,122,98,22,0.5,500,54,12,33,1,11,31294240,0,8,0,none,21
HADE,4,3,50,3,12,0,1.1,0,0,-8,-2,2,0,539830,0,-4,0,none,2
HAIS,224,175,344,222,258,25,0.9,-5,0,17,14,0,62,1921930,0,27,0,none,28
HAJJ,133,120,575,135,175,11,1.9,-40,10,3,6,0,0,412760,0,13,0,none,2
HALO,50,50,328,50,79,16,1.6,140,-1,15,19,1,2,803420,0,44,0,none,0
HATM,322,190,402,277,262,16,2.8,59,63,36,34,4,12,65659540,15,24,0,none,62
HBAT,36,33,118,40,45,0,0.7,0,0,41,43,1,0,833940,0,63,0,none,3
HDFA,98,95,228,100,119,222,0.9,-86,-22,26,2,20,8,63830,0,4,0,none,2
HDIT,50,50,59,50,50,6,0.2,0,-41,0,0,0,0,2460,0,-5,0,none,0
HDTX,120,120,120,120,120,0,0.0,0,0,0,0,0,0,0,0,0,0,none,0
HEAL,1285,1265,1575,1409,1410,45,5.0,80,20,7,17,3,63,8189170,25,10,0,buy,6
HELI,420,70,500,431,211,280,8.1,0,34,-200,0,9,2,1690677,0,-106,0,none,81
HERO,865,860,1610,915,1173,463,3.8,0,18,3,0,1,15,11355,0,-37,0,none,0
HEXA,5975,4990,6950,5596,5890,62,29875.0,4,9,8,12,7186,0,284110,69,37,16,none,50
HILL,2400,1270,4000,2417,2614,110,4.8,61,32,9,19,2,43,1713800,0,34,0,strong_buy,41
HITS,426,170,680,398,411,69,35500.0,-39,-12,11,4,27601,0,207190,0,15,0,none,50
HKMU,50,50,50,50,50,1168,7.5,0,0,-108,-129,2,0,0,0,-168,0,none,0
HMSP,900,835,1235,884,914,2,3.7,32,31,14,21,1,32,20454900,84,27,6,buy,16
HOKI,174,68,204,175,125,30,2.6,0,-18,-1,-4,1,18,18812910,526,-2,1,none,77
HOME,50,50,50,50,50,0,0.0,0,0,0,0,0,0,0,0,0,0,none,0
HOMI,218,193,1015,223,456,16,2.6,-22,-8,9,15,5,1,406180,0,5,0,none,3
HOPE,53,50,63,54,51,31,0.0,0,-65,-12,-5,3,0,1532930,0,0,0,none,23
HOTL,50,50,50,50,50,261,0.6,0,21,-53,-101,15,0,0,0,-10,0,none,0
HRME,50,50,52,50,50,39,0.5,0,59,-12,0,5,3,4140,0,-2,0,none,0
HRTA,358,218,580,361,417,146,0.9,1,67,2,5,0,21,4196180,18,17,3,none,38
HRUM,1175,1075,1945,1275,1484,6,18650.8,0,-53,20,15,18536,0,16705110,39,21,0,strong_buy,11
HUMI,86,50,312,128,154,25,10750.0,26,9,8,25,16603,0,392988650,0,0,0,none,13
HYGN,0,108,195,154,154,0,0.0,0,0,0,0,0,0,236953566,0,0,0,0,-124
IATA,50,50,101,50,56,37,12500.0,133,11,20,20,6039,0,146380,0,348,0,buy,0
IBFN,14,14,97,17,34,0,0.0,0,0,0,128,-70,44,3688,0,0,0,none,0
IBOS,740,137,800,481,375,6,18.0,24,16,9,12,70,0,4161055,0,2,0,none,90
IBST,4800,4800,6500,5350,5434,46,1.0,851,7,3,39,8,327,277,0,0,0,none,0
ICBP,11450,9275,11925,11019,11073,71,3.3,-3,3,12,15,2,1464,6435690,26,16,2,buy,82
ICON,50,50,85,50,51,30,0.3,2144,-16,-8,0,1,7,1720,0,-8,0,none,0
IDEA,61,45,177,52,74,25,1.0,156,23,5,17,3,2,43016620,0,1,0,none,12
IDPR,142,117,182,142,144,90,0.5,0,-5,-1,-3,0,2,83850,0,-3,0,none,38
IFII,165,140,216,158,167,45,1.3,11,16,9,20,2,0,35900,23,7,0,none,32
IFSH,930,865,1320,919,999,13,3.0,142,71,18,25,1,55,3033,27,33,0,none,14
IGAR,440,406,478,438,436,0,0.7,-74,-33,4,3,0,419,38190,0,7,1,none,47
IIKP,50,50,50,50,50,0,0.0,0,0,0,0,0,0,0,0,0,0,none,0
IKAI,50,50,52,50,50,34,0.9,0,-13,0,0,4,0,14360,0,0,0,none,0
IKAN,50,50,73,50,53,59,0.6,0,17,1,0,0,1,22040,0,1,0,none,0
IKBI,474,196,970,461,458,7,7900.0,312,5,3,3,2423,0,229020,14,11,3,none,35
IKPM,0,164,286,226,212,0,0.0,0,0,0,0,0,0,13923870,0,0,0,0,-134
IMAS,1390,960,3370,1430,1760,271,0.5,-65,11,1,13,1,850,1266400,8,4,0,none,17
IMJS,266,254,488,283,325,512,0.6,0,5,2,0,5,181,1148840,3,1,0,none,5
IMPC,380,287,430,385,355,21,9.4,110,2,15,25,7,4,10001540,178,21,0,hold,64
INAF,428,398,880,511,548,0,0.0,0,-75,-63,-78,2,67,151200,0,-397,0,none,6
INAI,200,183,270,203,207,321,0.5,0,-16,-9,2,0,65,36388,0,-39,7,none,19
INCF,50,50,52,50,50,192,0.6,-80,-53,0,21,1,4,590,0,0,0,none,0
INCI,545,495,670,545,538,0,0.3,90,-15,4,13,0,610,22710,0,4,7,none,28
INCO,3690,3620,7100,4129,5464,0,14585.0,193,-9,20,21,29483,0,27095330,21,10,4,hold,2
INDF,6425,6050,7550,6386,6795,69,1.0,-13,0,7,17,1,3558,8785910,25,12,3,buy,25
INDO,93,80,115,91,95,0,0.4,-52,-19,159,3,8,67,2025530,0,2,0,none,37
INDR,3100,2800,5700,3036,3572,23,4851.3,0,-17,-6,-6,2606,0,39070,0,-10,3,none,10
INDS,2370,1915,3750,2464,2594,11,0.5,9,0,6,11,0,169,22890,24,9,4,none,24
INDX,108,101,264,116,139,19,1.1,0,-14,0,-51,13,16,1155470,0,-24,0,none,4
INDY,1335,1300,2800,1448,1803,84,5729.6,-97,-47,5,6,1984,0,10620660,31,18,3,buy,2
INET,62,52,314,86,163,1,2.2,28,42,7,11,18,0,148770590,0,0,0,none,3
INKP,7975,6775,11850,8066,8767,59,7384.3,-79,-28,14,14,11819,0,5141760,3,9,1,buy,23
INOV,126,115,198,151,152,234,0.8,0,-12,-6,5,1,89,220390,0,-14,0,none,13
INPC,68,61,87,72,71,0,0.3,-6,48,9,11,-1,188,1465650,0,2,0,none,26
INPP,1055,390,1070,756,572,27,2.2,0,22,9,26,11,34,597350,0,3,0,none,97
INPS,139,105,354,165,183,165,1.3,1309,0,-8,13,0,2,6026330,0,-28,0,none,13
INRU,492,466,1235,918,902,231,5655.2,-85,-22,-34,-2,5376,0,508000,0,-34,0,none,3
INTA,50,50,74,50,50,0,0.0,0,75,-9,8,4,25,355,0,0,0,none,0
INTD,139,127,230,142,159,0,2.0,-76,-6,1,0,1,27,96580,0,1,0,none,11
INTP,8825,8725,11600,9187,9889,4,1.5,-13,4,12,13,1,1393,2753920,25,11,4,buy,3
IOTF,224,76,232,171,146,31,21.2,0,39,2,6,17,0,44869030,0,0,0,none,94
IPAC,95,82,149,99,114,0,2.9,0,26,11,-12,2,30,33880,0,9,0,none,19
IPCC,700,575,865,708,728,32,1.0,0,-12,25,45,1,337,1257510,58,16,0,none,43
IPCM,280,250,306,280,284,1,1.2,-3,19,14,15,0,77,526180,67,14,5,none,53
IPOL,135,121,161,145,145,46,5192.3,-98,-13,0,2,4471,0,4120,0,0,0,none,35
IPPE,50,50,56,50,50,1,0.8,-92,-83,2,20,11,0,4170,0,0,0,none,0
IPTV,50,50,70,50,51,21,0.3,0,-17,-13,-13,1,18,330890,0,-3,0,none,0
IRRA,510,436,1060,609,572,42,1.7,-43,-28,4,8,1,9,3917730,0,4,0,none,11
IRSX,50,50,274,50,86,0,1.5,-49,86,1,2,0,5,133470,0,0,0,none,0
ISAP,9,8,51,10,16,4,0.2,-12,599,2,3,0,0,8373830,0,0,0,none,2
ISAT,9800,6475,10850,9570,9288,159,2.6,66,12,8,20,2,643,2540270,45,14,1,buy,76
ISSP,294,232,332,293,283,61,0.5,57,6,6,13,0,9,3889400,11,8,0,none,62
ITIC,296,250,346,302,288,33,0.7,-23,-3,9,19,1,0,320140,0,6,0,none,47
ITMA,670,376,880,661,516,4,3175.4,0,33,13517,52,5946339,0,288800,0,10,0,none,58
ITMG,27025,22125,41500,25942,26328,2,18089.0,-77,-55,25,20,10727,0,839000,138,39,18,hold,25
JARR,238,143,332,233,211,119,1.6,0,22,1,4,0,19,9371530,0,4,0,none,50
JAST,50,50,120,50,55,36,0.7,457,-24,-9,-9,1,12,79850,0,-10,0,none,0
JATI,50,50,244,50,94,26,1.0,-94,-11,1,0,0,24,46330,0,3,0,none,0
JAWA,114,62,228,145,115,3540,5.2,0,13,-40,-4,4,0,617610,0,-294,0,none,31
JAYA,114,102,148,115,122,23,0.7,222,16,13,20,1,10,396940,41,9,0,none,26
JECC,2250,1880,4940,2369,3264,94,0.4,0,20,3,6,0,559,6575,16,12,0,none,12
JGLE,50,50,50,50,50,28,1.0,0,-5,0,24,9,1,33,0,-48,0,none,0
JIHD,378,302,498,391,396,3,0.2,0,13,3,8,1,169,3910,0,4,0,none,38
JKON,92,78,153,88,103,19,0.5,-9,-1,3,7,0,20,26509230,26,6,1,none,18
JKSW,60,60,60,60,60,0,0.0,0,0,0,0,0,0,0,0,0,0,none,0
JMAS,53,50,110,58,63,0,0.4,-11,79,1,5,0,111,1266010,0,1,0,none,5
JPFA,1080,1015,1410,1138,1229,94,1.0,170,10,1,9,0,124,11156000,62,6,2,buy,16
JRPT,685,480,770,691,626,0,1.0,10,7,39,47,3,21,877270,28,11,4,buy,70
JSKY,52,52,52,52,52,112,0.7,0,196,-49,-267,1,0,0,0,-37,0,none,0
JSMR,4730,3030,5200,4812,4232,178,1.3,1672,23,40,37,5,745,9879230,7,23,1,buy,78
JSPT,1340,785,1350,1227,951,97,1.5,-90,-13,2,26,3,537,20,0,2,0,none,98
JTPE,290,200,378,307,290,10,1.9,110,61,10,15,0,21,35988220,17,23,6,none,50
KAEF,890,685,1935,1131,880,84,0.6,0,2,-1,0,1,142,1744930,0,0,0,none,16
KARW,134,50,134,60,57,0,0.0,0,-40,17,1,10790,0,840090,0,0,0,none,100
KAYU,52,50,685,173,260,9,0.4,-30,-79,12,-15,5,0,0,0,1,0,none,0
KBAG,50,50,50,50,50,7,0.9,0,-73,-3,-18,6,1,59350,0,0,0,none,0
KBLI,320,284,360,334,326,1,0.5,0,37,5,7,0,138,231390,12,5,0,none,47
KBLM,250,228,352,267,272,16,0.2,-21,51,2,2,0,7,85360,0,2,3,none,17
KBLV,72,63,135,71,86,0,0.3,0,-5,-55,-61,-8,170,39320,0,0,0,none,12
KBRI,50,50,50,50,50,0,0.0,0,0,0,0,0,0,0,0,0,0,none,0
KDSI,1810,1005,2540,1791,1464,18,0.9,73,-15,4,11,0,140,25810,0,12,0,none,52
KDTN,103,94,177,109,114,10,1.9,56,22,12,14,3,19,93710,0,0,0,none,10
KEEN,830,515,1095,769,782,55,18043.5,51,39,33,58,60403,0,9153530,9,10,0,buy,54
KEJU,1175,1100,1385,1164,1190,0,2.7,-55,9,5,6,1,65,17940,207,8,0,none,26
KETR,222,160,294,232,202,68,0.7,3392,197,26,53,2,77,558000,0,0,0,none,46
KIAS,14,11,50,14,20,4,0.3,0,-18,-6,-2,0,3,736530,0,-3,0,none,7
KICI,106,104,218,127,150,9,0.3,0,25,-4,-8,0,29,47170,0,-3,0,none,1
KIJA,123,115,190,126,140,68,0.5,0,-15,4,18,2,61,75943430,0,5,0,none,10
KING,169,84,426,134,159,21,4.8,0,29,1,2,2,6,3139700,0,0,0,none,24
KINO,1370,1075,1700,1280,1430,127,1.2,0,26,-17,6,1,156,102280,0,-33,1,underperform,47
KIOS,50,50,111,50,63,0,0.3,-23,-61,0,1,0,1,454600,0,0,0,none,0
KJEN,83,76,218,88,112,4,0.7,-74,73,0,-2,5,0,1866650,0,0,0,none,4
KKES,50,50,118,50,59,36,1.2,0,-3,1,0,0,0,3740,0,6,0,none,0
KKGI,352,343,593,366,434,4,11354.8,0,-13,12,0,5258,0,1197450,20,29,0,none,3
KLAS,77,54,238,83,97,0,0.0,0,0,0,0,0,0,1381080,0,0,0,none,12
KLBF,1485,1430,2350,1578,1792,4,3.3,-36,1,9,9,2,64,52627500,59,13,1,hold,5
KLIN,21,20,55,26,35,25,0.9,0,44,-26,-24,3,0,300340,0,-10,0,none,2
KMDS,442,402,690,427,472,0,1.8,38,21,14,19,1,54,71570,0,26,0,none,13
KMTR,278,226,308,280,279,113,1.2,0,-29,-1,0,0,37,23210,0,-4,0,none,63
KOBX,153,145,338,166,203,175,0.7,0,-38,-1,3,0,19,296720,0,-4,0,none,4
KOCI,50,50,142,50,53,1,2.2,-8,56,29,26,2,0,2439050,0,0,0,none,0
KOIN,74,65,148,76,76,0,0.0,0,11,-3,0,0,30,15100,0,-1277,0,none,10
KOKA,74,50,174,63,69,3,1.8,48,13,13,21,0,0,60281340,0,0,0,none,19
KONI,1015,900,3680,1050,1246,0,2.5,13,25,6,7,1,92,930,0,12,0,none,4
KOPI,320,300,840,365,367,169,2.2,-36,3,2,7,2,0,64130,0,4,0,none,3
KOTA,50,50,50,50,50,17,0.4,0,38,-69,-33,27,0,7020,0,-1,0,none,0
KPAL,50,50,50,50,50,210,0.3,0,-71,-27,-16,8,1,0,0,-11,0,none,0
KPAS,62,62,63,62,62,68,0.4,0,-95,-96,-1595,3,0,0,0,-25,0,none,0
KPIG,63,56,84,63,67,23,0.2,0,9,27,3,8,1,9732830,0,1,0,none,24
KRAH,436,436,436,436,436,0,0.0,0,0,0,0,0,0,0,0,0,0,none,0
KRAS,146,133,322,143,187,287,5214.3,0,-44,-7,-1,1703,0,24523930,0,-20,0,none,6
KREN,50,50,50,50,50,9,5.0,0,-7,0,0,0,25,27355,0,-4,0,none,0
KRYA,50,50,194,56,68,26,0.8,131,-43,-1,36,0,15,12022020,0,-1,0,none,0
KUAS,51,50,63,51,52,43,0.4,-51,-14,5,6,0,5,1060800,0,5,0,none,7
LABA,50,50,89,50,51,5,0.9,0,-37,-37,8,3,0,100080,0,-8,0,none,0
LAJU,54,50,430,57,87,34,0.9,11,12,7,7,0,25,17007020,0,0,0,none,1
LAND,30,12,50,17,41,26,0.2,0,-49,-15,-5,3,15,1767090,0,-1,0,none,47
LAPD,0,5,50,7,35,0,0.0,0,0,0,0,0,0,418750,0,0,0,0,-11
LCGP,114,114,114,114,114,0,0.0,0,0,0,0,0,0,0,0,0,0,none,0
LCKM,296,260,314,290,294,0,2.2,-91,-92,-6,3,19,7,9922,0,0,0,none,66
LEAD,61,50,95,60,61,353,10166.7,0,7,-22,-4,7571,0,3624200,0,-26,0,none,24
LFLO,53,44,83,56,53,3,1.5,138,53,6,1,0,6,15950,0,10,0,none,23
LIFE,6025,5550,6275,6023,6076,0,1.7,0,-16,7,-3,2,2707,11140,145,3,0,none,65
LINK,1090,1045,2420,1263,1596,159,0.7,0,-15,-13,-9,2,86,95030,990,-11,4,buy,3
LION,515,472,900,564,596,16,0.5,199,69,1,14,0,248,18480,0,1,3,none,10
LIVE,0,150,199,167,167,0,0.0,0,0,0,0,0,0,250414900,0,0,0,0,-306
LMAS,50,50,50,50,50,116,0.7,0,-47,3,40,3,2,0,0,4,0,none,0
LMAX,114,112,380,151,200,59,3.6,49,113,6,8,1,1,53749920,0,26,0,none,0
LMPI,107,96,194,112,128,134,0.6,0,-3,-5,1,0,4,16670,0,-14,0,none,11
LMSH,408,400,565,427,436,0,0.4,0,-35,-5,-17,0,335,120,0,-5,1,none,4
LOPI,43,43,93,62,68,15,1.3,44,26,3,11,0,0,1057300,0,0,0,none,0
LPCK,655,635,1150,696,865,12,0.3,-36,-9,13,25,2,129,121630,0,2,0,none,3
LPGI,3100,3000,7025,3746,5145,0,1.1,0,0,-1,-2,0,938,250,3030,-4,5,none,2
LPIN,308,306,442,355,380,0,0.4,-37,-27,16,12,0,47,149300,0,8,0,none,1
LPKR,82,67,110,84,91,99,0.4,0,16,0,16,1,34,9366020,0,2,0,underperform,34
LPLI,232,202,340,230,243,0,0.2,389,-28,1259,679,-6,351,20770,0,21,0,none,21
LPPF,1970,1530,5400,1943,2583,106723,1265.3,0,-6,14,3,1,85,1749510,125,443,6,hold,11
LPPS,67,60,84,66,66,0,0.2,0,193,98,97,1,47,341040,0,2,0,none,29
LRNA,169,151,300,181,187,7,0.3,0,-1,-8,-7,0,0,42030,0,0,0,none,12
LSIP,855,830,1135,873,964,0,0.5,35,4,16,26,0,594,4581480,49,6,2,hold,8
LTLS,1175,975,1510,1228,1113,38,0.7,-60,-3,2,4,0,178,406000,81,5,6,none,37
LUCK,68,62,132,73,84,12,0.4,-62,-30,1,4,0,45,1474220,0,0,0,none,8
LUCY,144,109,194,145,144,76,3.4,-38,95,5,-2,2,2,131410,0,0,0,none,40
MABA,50,50,50,50,50,0,0.0,0,0,0,0,0,0,0,0,0,0,none,0
MAGP,50,50,50,50,50,472,6.1,0,14,-124,-16,4,0,0,0,-91,0,none,0
MAHA,178,159,306,192,213,20,1.8,25,49,13,19,1,14,9032610,0,0,0,none,12
MAIN,494,402,595,507,477,115,0.5,1029,16,1,9,0,127,1145200,0,6,0,strong_buy,47
MAMI,50,50,50,50,50,31,0.5,0,7,-81,-11,23,0,0,0,-2,0,none,0
MANG,95,60,110,89,89,35,0.0,0,1495,-12,7,6,0,5961120,0,0,0,none,70
MAPA,1000,431,1025,890,782,32,5.4,13,42,11,15,2,21,19133460,8,29,0,strong_buy,95
MAPB,1970,1800,2570,1976,2059,28,2.7,107,19,4,8,1,252,38660,0,11,0,none,22
MAPI,1935,1305,2070,1837,1827,56,3.3,-4,24,6,10,1,201,20754080,6,24,0,buy,82
MARI,51,50,143,50,65,405,2.6,0,14,-44,-103,6,14,52779330,0,-66,0,none,1
MARK,740,436,845,668,612,6,3.5,172,28,25,30,5,6,32851870,107,15,0,none,74
MASA,4000,2250,6000,4006,3629,0,97561.0,452,35,15,21,79163,0,20350,26,20,0,none,46
MASB,3400,3010,3640,3535,3405,0,1.3,-34,-7,32,41,-3,5324,5810,0,7,0,none,61
MAXI,50,50,95,50,55,23,3.2,0,0,2,-5,5,4,2540,0,0,0,none,0
MAYA,180,149,406,219,257,0,0.2,-58,2,-1,3,0,428,31296250,0,0,0,none,12
MBAP,4230,4130,6875,4256,4855,0,26772.2,-94,-68,16,4,20645,0,34210,188,19,13,none,3
MBMA,650,496,955,596,712,26,46428.6,0,225,0,7,67488,0,97219960,0,1,0,buy,33
MBSS,1000,940,1500,1150,1224,6,8771.9,-37,-39,40,24,24798,0,87690,0,15,0,none,10
MBTO,90,84,173,101,106,42,0.2,268,-13,-6,4,0,7,1329330,0,-6,0,none,6
MCAS,3300,2700,9800,4050,6646,24,14.9,-34,-7,0,0,0,280,40900,0,0,0,strong_buy,8
MCOL,5975,4030,7050,5630,5115,12,37816.5,-41,-19,27,26,21141,0,61290,86,49,0,none,64
MCOR,76,67,89,77,78,0,0.4,42,16,27,36,2,39,3376480,0,3,0,none,40
MDIA,50,50,55,50,50,61,0.7,0,-36,-13,-47,4,0,330,0,-4,0,none,0
MDKA,2400,2060,4830,2556,2856,56,61538.5,0,128,-2,9,40812,0,47260680,0,0,0,buy,12
MDKI,204,184,228,200,201,1,0.6,29,1,10,10,0,88,454910,0,5,5,none,45
MDLN,54,52,102,60,74,151,0.2,0,213,31,28,3,10,10368230,0,15,0,none,4
MDRN,5,4,50,5,13,0,0.0,-89,-48,108,30,10,0,332490,0,0,0,none,2
MEDC,1210,840,1705,1160,1146,156,17042.3,25,-14,17,38,13840,0,51535450,10,21,2,buy,42
MEDS,50,50,188,55,68,15,1.3,0,-71,-52,-109,4,0,427570,0,-14,0,none,0
MEGA,5025,4300,5975,5178,5149,0,2.7,-49,-32,46,54,8,1029,44210,80,16,3,none,43
MEJA,0,93,123,105,105,0,0.0,0,0,0,0,0,0,101658850,0,0,0,0,-310
MENN,11,9,134,11,51,0,0.4,93,29,15,24,1,1,6029880,0,4,0,none,1
MERK,4000,3990,5100,4159,4557,2,2.4,48,4,15,18,1,379,31590,89,21,3,none,0
META,238,105,322,238,178,213,1.6,0,165,-6,17,5,12,0,0,-5,0,none,61
MFIN,3120,1635,3190,3018,2724,94,2.5,-41,-6,31,40,6,547,1807400,53,15,3,none,95
MFMI,500,500,825,586,669,158,3.2,177,10,14,30,2,131,5260,0,19,13,none,0
MGLV,58,38,120,59,64,29,0.9,32,36,10,17,0,4,30820,0,16,0,none,24
MGNA,10,8,50,13,40,148,1.4,0,0,-2,34,2,5,88370,0,-2,0,none,4
MGRO,570,500,880,634,657,308,4.3,0,8,-1,3,0,71,5670500,0,-23,0,none,18
MICE,496,488,945,540,534,37,0.4,-22,6,3,8,0,102,83210,7,5,6,none,1
MIDI,420,314,530,415,432,18,3.8,13,9,2,4,0,9,27397100,25,17,1,strong_buy,48
MIKA,2690,2430,3200,2698,2740,0,6.7,8,10,23,29,8,120,13627090,54,16,0,buy,33
MINA,50,50,67,50,50,4,3.3,0,11,-17,3,26,0,12833,0,-2,0,none,0
MIRA,6,6,50,7,14,31,0.1,0,-7,-40,0,0,0,252020,0,-17,0,none,0
MITI,155,149,635,196,274,2,1.8,436,451,14,23,1,44,496650,0,18,0,none,1
MKAP,0,150,266,213,213,0,0.0,0,0,0,0,0,0,305090550,0,0,0,0,-129
MKNT,3,1,50,2,10,0,0.0,0,-30,-1,2,0,1,4705640,0,0,0,none,4
MKPI,27475,25600,37000,27338,28288,4,3.9,30,23,37,45,11,1306,45320,48,13,1,none,16
MKTR,128,111,330,143,139,122,2.7,16,24,7,20,3,22,644230,27,0,0,none,7
MLBI,7125,6975,9700,7576,8279,30,12.0,10,-3,30,39,4,321,56790,60,96,3,buy,5
MLIA,414,400,590,426,438,21,0.6,-24,-4,12,18,0,75,5510340,29,13,0,buy,7
MLPL,59,56,112,69,81,46,0.2,776,3,2,1,0,117,21379960,0,0,0,none,5
MLPT,1520,1450,2140,1603,1726,40,4.5,18,-8,10,11,0,329,27550,96,56,9,none,10
MMIX,89,86,710,159,205,26,1.1,-61,74,7,26,1,7,2815130,0,0,0,none,0
MMLP,318,276,494,308,374,31,0.5,-47,-8,22,71,8,70,462990,0,2,0,none,19
MNCN,360,334,715,374,508,7,0.2,-72,-22,16,12,0,126,56975000,5,6,2,buy,6
MOLI,330,118,515,339,304,39,0.8,41,-11,4,8,1,12,547240,0,5,0,none,53
MORA,462,440,500,457,463,97,1.7,-12,-18,12,37,3,64,440030,0,10,0,none,36
MPIX,0,125,416,210,210,0,0.0,0,0,0,0,0,0,273842320,0,0,0,0,-42
MPMX,1045,970,1360,1036,1041,0,0.8,4,-1,4,4,0,560,21242910,93,10,0,buy,19
MPOW,51,50,103,58,68,48,0.3,0,-41,-26,-34,3,6,602940,0,-6,0,none,1
MPPA,51,50,131,61,73,560,2.4,0,0,-5,-4,0,14,50138420,0,-135,3,buy,1
MPRO,2000,1245,4750,2092,2495,25,21.7,0,97,0,-80,4129,0,16160,0,-2,0,none,21
MPXL,161,104,312,225,175,33,3.6,114,-2,6,16,2,1,49149470,0,13,0,none,27
MRAT,362,320,890,395,495,33,0.4,0,6,29,1,0,291,255100,0,23,2,none,7
MREI,1500,1405,5700,1858,2127,0,0.5,0,12,2,2,0,341,10770,19,2,1,none,2
MSIE,22,21,90,25,35,0,0.3,0,0,1826,18,8,0,515660,0,147,0,none,1
MSIN,2990,1655,4480,2994,3387,5,6.3,-89,-35,6,2,12,50,199060,0,5,0,none,47
MSJA,322,282,510,347,347,25,0.0,50,-15,8,13,22191,0,33571670,0,0,0,none,17
MSKY,121,94,320,126,151,11,0.6,0,-39,-44,-77,1,0,51839190,0,-18,0,none,11
MSTI,0,1250,1690,1343,1352,0,0.0,0,0,0,0,0,0,1652640,0,0,0,0,-284
MTDL,535,450,605,521,522,17,1.9,29,5,2,4,0,93,4175510,29,20,1,strong_buy,54
MTEL,665,600,770,693,682,53,1.6,21,14,23,41,8,32,30070620,65,6,0,buy,38
MTFN,50,50,50,50,50,0,0.0,0,52,0,-8,4,0,0,0,0,0,none,0
MTLA,388,342,430,405,388,16,0.6,4,32,25,32,2,100,50530,18,10,1,none,52
MTMH,1395,1285,1685,1338,1403,41,2.5,626,24,2,7,3,1,9974020,0,2,0,none,27
MTPS,8,7,76,13,40,104,0.3,0,0,0,0,0,1,221190,0,-49,0,none,1
MTRA,244,244,244,244,244,0,0.0,0,0,0,0,0,0,0,0,0,0,none,0
MTSM,130,127,580,194,325,9,0.9,0,9,-18,-33,0,51,174910,0,-13,0,none,0
MTWI,71,68,142,77,82,0,0.7,0,41,7,7,-1,138,517350,0,6,0,none,4
MUTU,91,66,214,97,122,58,1.4,66,30,14,19,1,7,1833750,0,0,0,none,16
MYOH,1820,1360,2130,1745,1651,0,26376.8,62,3,11,13,30306,0,18960,44,10,6,none,59
MYOR,2360,2270,2900,2390,2548,32,3.8,87,2,9,13,1,144,7027590,27,22,1,strong_buy,14
MYRX,50,50,50,50,50,0,0.0,0,0,0,0,0,0,0,0,0,0,none,0
MYTX,53,50,92,55,63,0,0.0,-55,-17,-27,-11,2,1,4044,0,0,0,none,7
NANO,18,16,27,17,19,7,0.5,-46,-11,0,12,2,0,1474630,0,0,0,none,18
NASA,20,15,50,17,23,0,0.2,0,17,26,36,9,6,140760,0,0,0,none,14
NASI,69,50,126,74,77,14,0.9,-7,17,1,0,0,11,4214890,0,1,0,none,25
NATO,187,91,525,192,368,0,1.9,0,182,10,80,131,17,0,0,0,0,none,22
NAYZ,20,14,181,18,42,8,0.7,0,41,4,1,0,13,1425360,0,5,0,none,3
NCKL,775,750,1470,957,973,32,2.2,189,265,28,33,3,82,15468360,0,33,0,buy,3
NELY,488,292,680,497,497,6,1.6,74,37,46,52,2,25,1498510,0,36,5,none,50
NETV,56,51,210,59,104,0,0.0,0,-31,-73,-85,7,0,1559800,0,0,0,none,3
NFCX,3400,3270,7400,4039,5513,10,4.2,0,-6,-1,0,0,1018,10650,0,-12,0,none,3
NICE,520,438,895,591,591,7,0.0,-48,-11,8,10,3,7,15692760,0,0,0,none,17
NICK,260,148,302,255,224,0,0.9,0,0,0,91,0,269,10370,0,-29,0,none,72
NICL,186,145,400,209,233,0,2.4,0,34,13,-4,1,9,9392860,19,24,0,none,16
NIKL,270,246,645,298,372,95,11739.1,0,-35,-1,-5,3687,0,221120,0,-5,0,none,6
NINE,9,7,44,9,16,6,0.4,0,49,0,-8,0,1,3418630,0,0,0,none,5
NIPS,282,282,282,282,282,0,0.0,0,0,0,0,0,0,0,0,0,0,none,0
NIRO,140,119,150,140,140,49,1.5,0,22,-6,13,8,79,230860,0,-3,0,none,67
NISP,1270,730,1320,1211,1157,0,0.8,33,3,39,52,2,1309,9014490,32,11,0,none,91
NOBU,860,406,935,812,649,0,2.0,48,25,16,22,4,980,1260460,0,5,0,none,85
NPGF,50,50,75,50,57,15,0.8,0,-75,-13,96,6,1,1116460,0,-1,0,none,0
NRCA,336,294,378,332,339,12,0.7,27,24,3,5,0,184,493510,113,7,6,none,50
NSSS,193,114,240,182,185,206,4.5,0,33,-2,21,5,10,19179870,0,0,0,none,62
NTBK,50,50,93,52,60,6,1.4,179,29,2,4,0,11,145000,0,4,0,none,0
NUSA,50,50,50,50,50,0,0.0,0,0,0,0,0,0,0,0,0,0,none,0
NZIA,69,64,290,84,122,16,0.3,0,-23,-9,-2,3,19,1705720,0,0,0,none,2
OASA,153,107,286,142,158,8,1.5,0,0,14,7,14,7,153407080,0,2,0,none,25
OBMD,260,140,318,263,244,4,1.4,285,76,21,55,1,64,644550,0,0,0,none,67
OCAP,159,159,159,159,159,0,0.0,0,0,0,0,0,0,0,0,0,0,none,0
OILS,120,106,208,129,147,81,0.6,-58,9,0,0,0,19,1049120,0,0,0,none,13
OKAS,96,90,212,104,117,208,24000.0,-47,15,2,13,1260,0,2763420,0,55,0,none,4
OLIV,9,6,26,8,14,17,0.3,0,-57,-4,-17,0,2,918510,0,-3,0,none,15
OMED,200,149,242,205,197,9,2.5,17,0,16,16,2,39,521100,30,0,0,none,54
OMRE,474,450,780,494,525,1,0.4,0,36,0,-131,30,12,422,0,-4,0,none,7
OPMS,53,50,79,51,53,0,0.5,0,-83,-44,-1438,4,10,244200,0,-3,0,none,10
PACK,37,29,276,36,114,21,1.1,95,19,5,9,1,4,421260,0,0,0,none,3
PADA,50,50,188,50,61,62,1.1,0,0,0,0,0,9,4420,0,0,0,none,0
PADI,8,5,50,8,14,5,0.5,0,464,0,57,7,11,985440,0,-19,0,none,6
PALM,434,388,715,530,535,69,0.8,0,0,0,101,-3,20,903670,0,-36,0,none,14
PAMG,74,50,120,72,69,26,0.5,0,-16,-4,22,6,0,1216980,0,0,0,none,34
PANI,5550,1030,6150,4875,3445,3,33.0,468,350,16,37,33,64,13505930,0,12,0,none,88
PANR,428,386,839,520,672,83,1.0,117,56,2,4,0,135,733890,0,24,1,none,9
PANS,1660,1515,2040,1645,1704,4,0.8,-72,-41,33,36,0,1848,84700,133,8,6,none,27
PBID,1415,1285,1650,1358,1450,4,1.1,60,-11,7,10,0,193,63790,55,14,5,none,35
PBRX,50,50,63,50,50,99,3125.0,0,-18,-1,2,1733,0,210920,0,-3,0,none,0
PBSA,300,280,378,310,331,0,1.5,22,-35,21,17,1,69,2488960,119,16,7,none,20
PCAR,50,50,109,50,54,42,0.8,51,20,2,0,0,19,11720,0,10,0,none,0
PDES,214,198,515,223,264,279,2.5,21,85,6,9,0,50,15130,0,72,0,none,5
PDPP,430,156,438,388,281,25,3.5,-1,26,6,10,3,18,6925730,0,0,0,none,97
PEGE,146,138,755,161,264,0,1.7,0,0,0,189,-3,71,58830,0,-25,3,none,1
PEHA,515,510,1000,590,637,113,0.6,0,-27,0,-6,1,52,167020,46,0,0,none,1
PEVE,180,135,212,167,162,33,1.4,41,16,1,2,0,4,549350,0,0,0,none,58
PGAS,1175,1060,1615,1127,1286,45,10879.6,-26,0,5,11,7873,0,40965150,111,9,3,hold,20
PGEO,1205,595,1680,1222,1120,37,25638.3,1,0,36,57,122382,0,39292040,20,9,0,buy,56
PGJO,80,62,110,83,85,1,6.1,0,-48,0,-428,31,6,3033010,0,-59,0,none,37
PGLI,144,121,314,145,181,41,1.3,0,-20,-140,-15,4,15,37940,188,-40,1,none,11
PGUN,436,400,1300,426,480,39,1.6,-13,-14,17,48,3,0,6160,0,10,0,none,4
PICO,106,103,236,120,137,57,0.3,-72,-1,1,3,0,27,190740,0,2,0,none,2
PIPA,50,50,256,50,52,18,1.2,-85,-13,3,5,5,8,35666,0,1,0,none,0
PJAA,980,605,1120,964,883,58,1.0,-19,13,18,45,1,258,1072890,19,14,4,none,72
PKPK,350,270,398,360,341,0,1.7,0,45,-20,-23,4,173,180730,0,-8,0,none,62
PLAN,25,22,35,26,27,42,0.4,0,36,-21,2,3,1,155940,0,-4,0,none,23
PLAS,50,50,50,50,50,0,0.0,0,0,0,0,0,0,0,0,0,0,none,0
PLIN,2660,1940,3900,2677,2612,4,0.9,29,17,54,51,7,222,860,111,6,2,none,36
PMJS,137,135,184,142,152,2,0.8,0,-3,2,3,0,38,102250,42,10,0,none,4
PMMP,348,240,530,319,292,219,9405.4,-17,27,1,12,4073,0,126377070,0,4,0,buy,37
PNBN,1105,1030,1575,1114,1179,0,0.5,-20,-10,31,39,2,770,1314060,0,7,0,hold,13
PNBS,53,52,71,53,57,0,0.8,35,3,53,43,2,19,4845790,0,11,0,none,5
PNGO,1435,1230,1800,1404,1387,62,1.4,212,31,10,20,0,10,4770,0,27,0,none,35
PNIN,890,830,1435,945,1025,0,0.2,-32,-19,45,32,2,2171,1087910,0,5,0,none,9
PNLF,264,252,454,264,280,0,0.3,-11,-5,70,26,0,255,16058520,0,6,0,none,5
PNSE,450,392,474,425,403,47,3.2,-43,53,-4,17,2,32,100,0,0,2,none,70
POLA,50,50,70,50,50,0,0.7,-71,-81,0,-44,21,13,0,0,-8,0,none,0
POLI,750,600,1000,783,779,23,0.8,62,5,9,41,5,10,13230,0,1,0,none,37
POLL,152,138,250,148,164,63,0.8,-95,-4,28,14,11,6,191620,0,1,0,none,12
POLU,565,196,825,639,506,22,3.5,0,-36,-33,0,5,51,75320,0,-19,0,none,58
POLY,50,50,56,50,50,0,0.0,0,-33,-5,-7,407,0,0,0,0,0,none,0
POOL,50,50,50,50,50,0,0.0,0,0,0,0,0,0,0,0,0,0,none,0
PORT,690,595,1600,699,838,70,1.9,0,-23,5,14,1,91,25670,0,8,0,none,9
POSA,50,50,50,50,50,0,0.0,0,-6,-217,-73,17,1,0,0,0,0,none,0
POWR,700,645,810,701,720,68,15217.4,13,0,16,21,20060,0,1815060,75,12,8,buy,33
PPGL,97,95,138,100,108,15,1.1,-25,-23,5,8,0,6,163310,0,12,0,none,4
PPRE,92,70,122,78,93,69,0.4,-85,-2,1,12,1,21,30068200,0,4,2,none,42
PPRI,81,56,187,75,79,0,1.2,0,0,3,4,0,0,10845980,0,8,0,none,19
PPRO,50,50,50,50,50,223,0.8,0,-75,-13,-7,16,12,67190,0,-2,1,none,0
PRAS,97,90,246,101,135,392,0.3,0,-37,0,-1448,19,3,67610,0,-63,0,none,4
PRAY,700,660,865,697,710,36,3.6,1344,25,7,10,5,80,14200,0,0,0,none,19
PRDA,4900,4830,6800,5246,5792,2,2.0,-24,1,15,18,1,1065,1572500,67,14,3,buy,3
PRIM,71,50,167,83,86,0,0.2,0,34,-2,0,0,9,11792270,0,0,0,none,17
PSAB,146,74,152,101,90,94,13272.7,0,54,-28,35,33225,0,134435030,0,-6,0,none,92
PSDN,106,50,187,111,96,0,1.7,0,0,125,-79,1,20,34252750,0,285,0,none,40
PSGO,147,101,158,142,137,106,1.5,0,85,11,23,1,38,73440,0,14,0,none,80
PSKT,50,50,69,50,50,4,1.5,0,-11,-16,-23,9,0,2318200,0,-2,0,none,0
PSSI,488,460,750,498,556,11,15741.9,-65,-12,39,30,22667,0,488430,39,29,4,none,9
PTBA,2680,2300,4200,2522,2767,6,1.6,-73,-29,16,13,0,592,9815430,198,28,8,hold,20
PTDU,50,50,67,50,50,302,1.9,0,25,-61,-16,1,6,24440,0,-124,0,none,0
PTIS,284,224,725,331,393,0,7675.7,0,-63,7,-138,13673,0,89510,0,4,0,none,11
PTMP,280,68,338,216,164,17,5.3,-34,8,6,17,6,5,258192340,0,0,0,none,78
PTPP,560,394,835,461,576,145,0.3,21,1,2,7,1,644,74934560,0,2,2,underperform,37
PTPS,202,80,414,199,168,6,4.6,11,12,44,46,6,2,233857600,0,0,0,none,36
PTPW,935,885,1100,953,976,5,1.5,-20,-7,21,32,2,78,64230,0,13,0,none,23
PTRO,4720,2810,7650,5366,4193,111,20085.1,0,17,3,2,8278,0,3476310,365,8,0,none,39
PTSN,244,179,274,243,233,23,12200.0,24,5,10,14,9821,0,485130,13,13,0,none,68
PTSP,1395,1315,6675,2708,2217,52,2.5,0,12,1,0,0,99,179870,0,7,0,none,1
PUDP,570,370,1295,594,643,0,0.4,0,-30,61,-86,0,246,20220,0,70,0,none,21
PURA,50,50,50,50,50,15,0.6,0,6,1,5,2,1,20220,0,0,0,none,0
PURE,51,51,51,51,51,5134,9.7,0,-75,0,-584,14,0,0,0,-214,0,none,0
PURI,178,142,760,202,319,45,1.9,0,38,-30,-3,12,18,1506160,0,-5,0,none,5
PWON,424,392,525,427,448,28,1.1,-11,-4,30,42,3,156,26642980,17,10,1,buy,24
PYFA,850,595,1545,1041,859,248,1.1,0,-15,-8,6,1,227,452220,0,-13,0,none,26
PZZA,340,336,575,362,402,61,0.9,0,5,0,2,0,15,232120,0,-2,0,hold,1
RAAM,510,292,940,580,635,12,2.7,-37,-1,18,39,9,25,2802600,0,5,0,none,33
RAFI,50,50,95,50,52,1,0.3,-22,16,19,7,0,3,2367760,0,42,0,none,0
RAJA,1170,730,1770,1406,1086,112,43333.3,29,16,10,11,33021,0,10324370,28,13,2,none,42
RALS,505,478,700,505,545,13,0.9,-33,-12,11,-6,0,415,2066080,99,8,3,underperform,12
RANC,630,530,805,650,643,119,2.9,0,2,-3,-3,0,47,20930,0,-25,0,none,36
RBMS,50,50,51,50,50,24,0.3,0,46,-9,10,1,7,566,0,-3,0,none,0
RCCC,129,61,200,127,124,44,2.4,9,46,5,7,1,2,10022490,0,0,0,none,48
RDTX,14000,9775,16000,14319,12991,0,1.3,25,1,55,58,6,1933,1120,90,10,2,none,67
REAL,8,6,50,10,40,0,0.2,0,115,0,3,6,0,3595290,0,0,0,none,4
RELF,18,18,242,24,70,8,0.5,347,181,27,29,4,0,4775630,0,0,0,none,0
RELI,474,390,805,501,497,0,1.4,-5,1,54,67,10,58,537,0,7,0,none,20
RGAS,0,74,150,103,102,0,0.0,0,0,0,0,0,0,65999230,0,0,0,0,-97
RICY,103,69,149,113,108,546,0.3,0,-20,-6,2,1,62,9340080,0,-27,2,none,42
RIGS,545,414,710,497,523,0,0.5,258,10,22,23,0,342,520430,0,11,0,none,44
RIMO,50,50,50,50,50,0,0.0,0,0,0,0,0,0,0,0,0,0,none,0
RISE,990,785,1120,982,974,9,5.2,-68,-17,11,7,35,26,60620,0,1,0,none,61
RMKE,510,510,1120,587,754,18,1.5,-38,-33,14,21,0,4,1275890,6,30,0,none,0
RMKO,248,242,700,261,308,0,2.1,0,0,10,16,2,0,428190,0,23,0,none,1
ROCK,380,214,380,380,346,7,0.7,0,8,14,37,5,15,11,0,2,0,none,100
RODA,50,50,90,50,50,47,0.3,0,-63,-45,17,18,3,112550,0,-2,0,none,0
RONY,294,177,800,298,506,37,78.0,0,429,0,3,97,0,18350,0,-148,0,none,18
ROTI,1135,1110,1640,1151,1272,40,2.8,-11,-5,10,15,1,115,440960,155,16,3,strong_buy,4
RSCH,168,102,212,132,126,0,3.0,0,46,-2,-12,10,2,76326510,0,0,0,none,59
RSGK,1225,1005,1550,1252,1240,0,1.5,-64,-4,6,5,2,83,4660,196,3,0,none,40
RUIS,202,181,424,206,222,121,0.3,-17,7,0,4,0,114,1740110,21,2,2,none,8
RUNS,54,46,206,51,72,12,0.8,0,-12,-11,-75,1,16,123630,0,-2,0,none,5
SAFE,260,140,400,293,213,0,0.0,145,-7,6,23,1,11,612800,0,0,0,none,46
SAGE,50,50,458,50,60,4,1.4,-58,0,32,17,12,0,482650,0,0,0,none,0
SAME,300,242,406,318,332,23,1.4,-38,7,1,4,4,8,7861710,0,0,0,none,35
SAMF,815,440,905,760,762,66,3.3,35,5,9,14,1,15,157120,33,40,0,none,80
SAPX,875,560,1345,839,776,39,4.1,9,1,-1,5,1,61,40350,0,-3,0,none,40
SATU,114,50,139,107,80,248,2.7,0,13,-20,12,9,3,65029340,0,-11,0,none,71
SBAT,2,2,50,8,39,229,0.1,0,-100,-208,-98,9,0,9010000,0,-39,0,none,0
SBMA,157,129,193,160,155,18,0.7,15,6,1,20,1,8,371130,0,0,0,none,43
SCCO,9875,8000,11700,9001,9068,0,0.4,0,34,3,5,0,4862,33690,15,4,3,none,50
SCMA,145,132,224,154,154,0,1.2,-22,-1,3,11,1,37,72030270,162,0,3,buy,14
SCNP,112,111,250,188,216,0,0.9,996,174,-2,0,0,22,15870,0,-5,0,none,0
SCPI,0,0,0,0,0,0,0.0,0,0,0,0,0,0,0,0,0,0,0,0
SDMU,50,50,67,50,50,3301,15.8,0,-15,2,29,2,3,2522,0,50,0,none,0
SDPC,148,128,308,156,154,260,0.7,-63,3,0,2,0,13,536810,9,10,0,none,11
SDRA,585,535,700,573,590,0,0.5,-18,-9,39,46,7,333,111550,25,7,2,none,30
SEMA,135,68,152,117,96,34,1.3,71,197,6,5,1,3,2915030,0,9,0,none,79
SFAN,1890,1680,2290,1926,1881,2,15.3,-53,-36,-13,-106,80,93,165090,0,-4,0,none,34
SGER,2170,338,2790,2117,1455,32,7.2,0,-11,4,0,0,90,9786050,50,40,0,none,74
SGRO,1995,1950,2270,1999,2026,55,0.7,-21,25,11,19,1,224,28480,54,12,1,none,14
SHID,1315,625,3620,1459,2210,59,1.9,0,79,-9,2,15,3,393310,0,-1,0,none,23
SHIP,1125,960,1510,1102,1191,120,22500.0,-7,-6,14,35,20013,0,4880,14,15,0,none,30
SICO,101,84,182,101,122,13,0.8,-71,23,11,8,0,41,592840,0,10,0,none,17
SIDO,560,478,915,523,610,0,4.9,-49,-29,26,23,4,26,24000650,112,28,4,hold,18
SILO,2280,1280,2740,2194,2067,11,3.9,48,17,10,17,2,78,3934790,19,15,0,buy,68
SIMA,50,50,50,50,50,0,0.0,0,0,0,0,0,0,0,0,0,0,none,0
SIMP,360,354,452,372,389,42,0.3,-32,-1,4,14,0,304,1791280,31,4,2,none,6
SINI,830,565,2600,908,1215,0,0.0,0,-26,0,5,4,43,20070,0,0,0,none,13
SIPD,975,805,1400,1118,1019,76,1.5,0,3,-2,1,0,368,3490,0,-13,0,none,28
SKBM,290,248,525,300,305,55,0.5,0,-29,1,1,0,179,19020,47,3,0,none,15
SKLT,204,178,682,270,308,23,2.0,16,11,4,5,0,12,54690,20,13,1,none,5
SKRN,515,456,835,528,579,75,3.9,46,89,18,14,4,32,5270290,46,20,0,none,15
SKYB,51,50,52,51,51,0,0.0,0,0,0,0,0,0,0,0,0,0,none,50
SLIS,55,51,217,70,111,30,0.4,-40,-10,7,7,0,1,8068290,0,11,0,none,2
SMAR,3780,3700,5750,3829,4303,85,0.6,-85,-22,3,3,0,681,14430,43,13,4,none,3
SMBR,250,228,418,270,329,29,0.8,38,21,5,11,1,8,3494390,17,3,1,none,11
SMCB,1335,1155,2000,1358,1469,22,1.0,-10,-3,6,13,1,41,3016610,31,6,3,none,21
SMDM,177,166,222,187,184,2,0.4,-3,11,23,29,3,67,476710,0,3,0,none,19
SMDR,324,280,432,333,345,58,11172.4,-78,-41,12,9,6081,0,24546510,29,25,5,none,28
SMGA,0,61,170,106,106,0,0.0,0,0,0,0,0,0,330609560,0,0,0,0,-55
SMGR,6500,5625,7625,6242,6394,35,1.0,0,7,6,14,1,878,10816150,66,5,2,buy,43
SMIL,134,97,230,119,137,19,1.8,295,47,25,14,3,4,165312790,0,0,0,none,27
SMKL,195,188,456,200,248,76,0.7,-69,-24,0,3,0,2,162650,0,1,0,none,2
SMKM,54,48,1025,53,140,0,0.3,-8,3,6,12,0,92,1449330,0,4,0,none,0
SMLE,110,96,304,159,159,105,0.0,65,49,3,5,0,1,80182780,0,0,0,none,6
SMMA,14075,10975,22200,15124,13705,41,3.9,20,-16,4,20,1,11015,29630,0,5,0,none,27
SMMT,755,605,1305,946,1028,0,2.4,-94,17,22,-5,2,23,151870,78,27,0,none,21
SMRA,565,498,740,570,617,52,1.0,298,42,14,30,2,191,36375520,11,10,0,buy,27
SMRU,50,50,50,50,50,0,0.0,0,0,0,0,0,0,0,0,0,0,none,0
SMSM,2050,1420,2520,2022,1982,8,3.8,1,-4,18,25,2,185,2081360,63,29,4,none,57
SNLK,530,462,1245,499,785,21,1.6,0,51,-5,1,5,38,3461630,0,-1,0,none,8
SOCI,166,157,254,179,188,55,3074.1,-92,0,3,13,7120,0,7369140,0,1,0,none,9
SOFA,16,15,25,16,19,1,0.6,0,14,6,2,0,2,110060,0,7,0,none,10
SOHO,496,458,600,487,507,0,0.3,23,8,4,6,0,329,4410,89,13,0,none,26
SONA,765,605,1800,918,1314,31,0.9,0,89,0,7,0,791,13300,0,0,0,none,13
SOSS,456,366,590,455,518,40,1.4,-22,15,2,1,0,74,6190,0,16,0,none,40
SOTS,260,82,510,314,274,71,1.2,0,20,-57,-16,18,11,1139970,0,-5,0,none,41
SOUL,32,18,38,25,23,0,0.8,0,-7,-16,-24,5,9,21118780,0,-2,0,none,70
SPMA,352,328,530,358,409,33,0.5,-81,-20,8,9,0,106,132040,0,10,0,none,11
SPTO,555,535,615,555,569,15,1.0,10,1,8,11,0,70,248890,59,11,6,none,25
SQMI,52,50,75,54,54,171,5.4,0,-24,0,-425,239,0,6969890,0,-17,0,none,8
SRAJ,910,202,915,374,527,172,5.9,0,38,-2,6,5,49,11230130,0,-2,0,none,99
SRIL,146,145,155,146,146,0,0.0,0,-34,-121,-55,9994,0,0,1,0,1,none,10
SRSN,60,50,81,64,57,31,0.5,292,3,7,13,0,3,1455590,7,11,0,none,32
SRTG,1600,1405,2380,1596,1629,1,0.4,-57,-54,0,97,-1,42,15304310,17,-23,2,strong_buy,20
SSIA,448,322,510,415,421,57,0.5,0,28,2,10,1,172,12826010,0,3,1,buy,67
SSMS,1090,935,1820,1052,1197,83,1.7,-48,-11,12,29,2,21,11666240,178,12,1,strong_buy,17
SSTM,0,0,715,508,528,0,0.0,-36,25,-3,0,2,2,0,0,-3,0,none,0
STAA,835,795,1050,848,870,31,2.1,9,6,13,28,1,96,4331820,68,18,0,buy,15
STAR,94,94,167,103,120,0,0.9,250,1,69,-34,-12,106,5510,0,0,0,none,0
STRK,50,50,462,53,137,8,0.1,0,183,66,186,0,141,790200,0,0,0,none,0
STTP,9725,6975,16900,9614,9919,0,2.8,73,-3,17,22,2,1727,1150,0,21,0,none,27
SUGI,50,50,50,50,50,0,0.0,0,0,0,0,0,0,0,0,0,0,none,0
SULI,121,92,220,138,136,50,24200.0,0,-74,31,-36,12524,0,1265380,0,1621,0,none,22
SUNI,366,260,530,368,355,17,1.7,35,65,13,18,1,59,118830,0,18,0,none,39
SUPR,39900,33900,41450,39900,36193,53,8.5,24,0,51,71,25,1,0,0,19,0,none,79
SURE,1415,1100,1760,1195,1436,119,0.0,0,-7,-31,-34,9,10,61310,0,-30,0,none,47
SURI,0,135,705,288,288,0,0.0,0,0,0,0,0,0,26703140,0,0,0,0,-23
SWAT,50,50,68,50,50,183,0.7,0,-20,-23,-2,1,14,340,0,-27,0,none,0
SWID,76,65,109,76,78,25,1.8,227,12,22,37,3,8,273470,0,14,0,none,25
TALF,328,264,476,296,325,26,0.4,-43,-7,2,4,0,27,19520,0,3,1,none,30
TAMA,17,16,50,17,31,245,0.4,0,0,-31,28,8,0,16520,0,-9,0,none,2
TAMU,7,5,50,8,14,80,7000.0,0,-2,-23,7,22722,0,439410,0,-8,0,none,4
TAPG,550,505,690,548,558,13,1.1,13,6,20,25,1,41,5909760,43,17,0,strong_buy,24
TARA,9,7,50,8,15,0,0.1,0,-28,-110,-65,30,1,115830,0,0,0,none,4
TAXI,50,50,50,50,50,0,8.6,0,79,-87,-107,103,0,75,0,-7,0,none,0
TAYS,100,62,298,100,118,133,0.8,0,-37,0,-4,1,0,659690,0,0,0,none,16
TBIG,1885,1780,2300,2023,2031,261,4.0,8,3,23,63,11,35,5051950,52,13,2,hold,20
TBLA,660,600,900,686,748,160,0.5,-34,1,4,10,1,24,594130,48,9,5,hold,20
TBMS,1220,720,1745,1239,952,72,14186.0,-44,-13,0,1,1272,0,181942,0,6,0,none,48
TCID,2720,2600,3500,2771,2935,0,0.6,-86,-19,0,-2,0,1829,2830,93,0,3,none,13
TCPI,7600,5875,9800,7728,7850,66,24.3,62,15,6,12,22,19,6598440,29,7,0,none,43
TDPM,119,118,121,119,119,496,59500.0,0,-25,-77,-384,19656,0,0,0,-112,0,none,33
TEBE,770,715,980,771,792,3,0.9,-55,-40,41,45,0,301,68900,68,32,0,none,20
TECH,50,50,1000,50,52,0,0.9,0,-91,8,-381,1,30,0,0,1,0,none,0
TELE,50,50,50,50,50,0,0.0,0,-11,-5,0,1,0,4722,0,0,0,none,0
TFAS,530,476,5350,644,1694,31,4.7,303,-32,0,1,1,1,100880,0,0,0,none,1
TFCO,665,595,680,667,664,0,10390.6,0,-10,0,-1,16297,0,12,0,0,0,none,82
TGKA,6550,6150,8000,6497,6704,6,3.0,16,12,3,3,0,1208,50,59,24,4,none,21
TGRA,50,50,72,50,50,21,0.4,0,0,43,4,18,0,494670,0,2,0,none,0
TGUK,92,73,242,94,107,3,1.9,-70,3,7,4,2,3,10169740,0,0,0,none,11
TIFA,650,370,650,642,505,46,2.0,-23,-18,43,58,22,43,0,0,4,4,none,100
TINS,570,540,1215,614,788,46,0.6,0,-33,-2,-2,0,120,7728750,92,-2,2,strong_buy,4
TIRA,420,171,500,373,369,53,1.4,0,-9,1,3,1,13,15200,0,1,0,none,75
TIRT,50,50,53,50,50,0,0.0,0,-100,0,-34976,9353,0,50,0,0,3,none,0
TKIM,6250,5600,10375,6785,7179,41,8289.1,-60,-9,23,4,18171,0,2200730,2,11,0,none,13
TLDN,458,376,560,452,457,72,2.6,220,39,6,28,1,39,49880,68,11,0,none,44
TLKM,4160,3390,4500,3971,3854,46,3.2,106,2,15,33,3,277,98923530,70,20,4,buy,69
TMAS,163,43,339,161,205,51,3.9,-35,-17,22,23,2,14,17489030,52,43,0,none,40
TMPO,78,73,116,87,92,37,0.4,0,-6,0,4,0,4,23910,0,0,0,none,11
TNCA,142,138,400,193,236,1,1.2,8,33,2,3,0,2,462960,0,4,0,none,1
TOBA,266,216,575,277,326,97,6333.3,0,-51,2,0,4016,0,19572250,65,6,0,none,13
TOOL,61,50,85,61,60,13,0.7,482,36,17,28,1,1,1557500,0,12,0,none,31
TOPS,5,5,50,9,39,126,0.2,0,-56,-31,-6,2,0,2389100,0,-19,0,none,0
TOSK,0,82,168,105,105,0,0.0,0,0,0,0,0,0,580585700,0,0,0,0,-95
TOTL,444,300,470,388,369,0,1.5,93,37,5,-1,0,282,4765550,252,12,6,none,84
TOTO,228,222,272,229,233,10,1.0,-17,7,13,12,1,22,404740,76,11,4,none,12
TOWR,880,820,1130,948,983,281,2.7,0,5,28,65,7,8,35242080,36,22,2,buy,19
TOYS,50,50,72,50,50,40,0.3,0,-72,-10,-81,1,0,3090,0,-3,0,none,0
TPIA,4620,1995,6125,4981,3022,63,144375.0,0,-3,-2,-3,190379,0,38331880,12,-2,1,underperform,63
TPMA,665,374,790,687,595,17,19000.0,11,-7,27,30,26742,0,2925230,58,20,0,none,69
TRAM,50,50,50,50,50,0,0.0,0,0,0,0,0,0,0,0,0,0,none,0
TRGU,210,163,230,182,201,175,1.6,0,56,0,3,0,0,1109210,27,-1,0,none,70
TRIL,50,50,50,50,50,0,0.0,0,0,0,0,0,0,0,0,0,0,none,0
TRIM,284,181,302,275,245,61,1.8,-71,-29,16,24,2,216,2970150,0,8,3,none,85
TRIN,138,110,314,154,169,153,0.9,0,-100,-16,-473586,7,5,991660,0,-6,0,none,13
TRIO,426,426,426,426,426,0,0.0,0,0,0,0,0,0,0,0,0,0,none,0
TRIS,193,188,334,206,228,33,1.3,-72,-4,2,4,0,38,1577490,0,9,1,none,3
TRJA,216,214,410,269,276,152,0.9,-23,33,5,13,1,5,1898830,0,9,0,none,1
TRON,232,190,482,248,278,14,3.3,0,-10,12,-10,3,1,4303960,0,0,0,none,14
TRST,472,430,700,492,581,70,0.5,0,-21,-3,-3,1,17,24240,0,-3,1,none,15
TRUE,50,50,54,50,50,99,1.2,0,-22,-23,-13,5,1,7640,0,-8,0,none,0
TRUK,90,70,138,87,86,13,0.7,0,28,-8,0,1,2,374850,0,-6,0,none,29
TRUS,364,310,486,396,402,9,0.8,-2,0,48,64,5,49,16975,0,7,0,none,30
TSPC,2030,1340,2200,1943,1773,13,1.2,60,4,10,12,0,824,2163100,39,19,4,none,80
TUGU,1175,930,1480,1060,1188,2,0.4,-13,10,36,19,0,1855,3222250,13,12,0,none,44
TYRE,119,90,236,124,121,35,1.4,73,-4,5,8,0,16,428310,0,12,0,none,19
UANG,600,270,930,656,538,130,2.6,0,0,62,9,2,53,63790,0,120,0,none,50
UCID,935,910,1320,996,1129,5,0.7,-33,-7,3,4,0,383,460780,18,6,0,buy,6
UDNG,0,49,123,81,89,0,0.0,0,0,0,0,0,0,19214610,0,0,0,0,-66
UFOE,228,170,294,205,205,56,2.5,16,16,1,1,0,3,2998320,0,7,0,none,46
ULTJ,1710,1350,2130,1684,1729,9,2.8,44,0,13,19,2,225,4287120,29,17,0,buy,46
UNIC,7900,7650,9700,7988,8306,2,11189.8,10,1,5,9,8512,0,890,48,6,4,none,12
UNIQ,240,54,264,210,169,74,2.0,-49,28,7,19,1,1,16690580,0,10,0,none,88
UNIT,316,300,338,316,316,46,0.2,-74,-41,0,24,2,15,0,0,0,0,none,42
UNSP,108,96,138,110,111,0,0.0,0,-13,4,7,1,99,930090,0,0,2,none,28
UNTD,0,167,280,190,190,0,0.0,0,0,0,0,0,0,241842580,0,0,0,0,-147
UNTR,23250,20925,31700,22779,24497,18,1.1,-25,-7,15,19,0,7659,2292140,110,27,8,buy,21
UNVR,2830,2800,4630,3334,3787,22,31.9,-18,-16,12,10,2,26,29179440,106,130,3,underperform,1
URBN,129,105,224,144,133,40,0.4,0,-54,-183,-186,62,9,70220,0,-3,0,none,20
UVCR,116,64,191,127,128,4,2.4,153,-29,1,2,0,5,2685870,0,18,0,none,40
VAST,65,52,126,61,67,3,0.7,-32,-17,45,64,8,3,2894110,0,4,0,none,17
VICI,640,466,800,652,614,8,4.7,108,30,14,19,3,0,199450,19,22,0,none,52
VICO,115,89,258,116,137,0,0.5,-45,-17,11,31,3,176,78850,0,5,0,none,15
VINS,164,79,220,157,143,0,1.5,0,67,22,13,3,33,98187,0,8,0,none,60
VIVA,50,50,50,50,50,0,0.0,0,-30,-118,-47,4,0,2320,0,0,0,none,0
VKTR,119,105,147,120,123,20,4.9,0,-8,0,-8,4,12,57212630,0,0,0,none,33
VOKS,222,149,260,214,199,127,1.2,0,9,1,9,0,15,1454100,0,6,0,none,65
VRNA,85,83,113,87,89,266,0.7,-7,3,20,17,11,7,235420,0,6,0,none,6
VTNY,150,145,900,220,243,121,2.4,0,170,1,-15,10,10,18233380,0,0,0,none,0
WAPO,98,84,246,99,120,0,1.7,0,101,0,0,0,6,2226310,0,-3,0,none,8
WEGE,83,71,145,79,91,42,0.3,-85,93,4,2,0,38,21170420,14,6,0,strong_buy,16
WEHA,173,100,192,165,154,41,1.2,43,44,12,18,1,18,18872570,0,14,0,none,79
WGSH,67,58,232,87,124,1,1.3,-32,0,12,19,1,18,1392200,0,6,0,none,5
WICO,121,105,322,120,186,727,19.6,0,-3,-8,-9,0,3,230,0,-487,0,none,7
WIDI,33,19,282,36,83,20,3.9,0,-13,9,3,3,0,151623380,0,0,0,none,5
WIFI,155,128,280,154,182,103,0.6,0,68,13,15,1,7,143026120,0,11,0,none,17
WIIM,1675,695,3850,1945,2092,0,1.9,123,70,20,31,1,395,3876880,29,32,3,buy,31
WIKA,240,183,690,239,381,307,0.3,0,3,-24,-41,1,198,0,0,-45,2,hold,11
WINE,408,274,795,421,506,31,4.5,91,30,15,23,5,18,1608550,14,19,0,none,25
WINR,50,50,50,50,50,19,0.8,258,-55,91,17,16,0,17600,0,7,0,none,0
WINS,374,232,680,389,420,11,12466.7,0,21,8,13,23072,0,2475950,0,4,0,none,31
WIRG,95,86,176,104,119,7,1.8,56,12,2,3,0,9,25272340,0,9,0,strong_buy,10
WMPP,50,50,91,50,50,169,1.0,0,-87,-31,-36,2,0,19260,0,-28,0,none,0
WMUU,50,50,58,50,50,111,0.6,0,-91,-24,-16,2,0,15560,0,-13,0,none,0
WOMF,364,270,500,362,364,291,0.8,23,10,18,24,4,155,155560,27,14,0,none,40
WOOD,314,250,500,296,375,71,0.5,2396,-43,-2,17,2,20,3228640,0,-1,0,strong_buy,25
WOWS,50,50,50,50,50,20,0.2,304,29,-5,17,1,0,13210,0,-1,0,none,0
WSBP,50,50,95,50,50,0,0.0,0,-40,-60,-24,4,0,87700,0,-181,0,strong_buy,0
WSKT,202,195,348,202,202,540,0.9,0,-39,-36,1,6,52,0,0,-36,2,hold,4
WTON,120,96,188,108,134,26,0.3,-43,-35,1,8,0,33,23023950,31,3,3,strong_buy,26
YELO,50,50,63,50,50,0,0.3,152,188,0,1,0,9,412580,0,0,0,none,0
YPAS,350,350,720,421,493,81,1.9,0,-17,3,4,0,0,300,0,9,0,none,0
YULE,2350,2000,3060,2395,2216,0,7.8,0,-96,25,-949,104,13,7122,0,1,0,none,33
ZATA,50,50,88,50,50,24,0.8,0,32,3,-17,2,0,20610,0,1,0,none,0
ZBRA,458,440,525,458,461,99,1.0,0,-53,-7,2,1,10,72970,0,-10,0,none,21
ZINC,50,50,50,50,50,200,1.6,0,-28,-21,6,5,2,0,0,-14,0,none,0
ZONE,1090,1015,1300,1113,1098,62,2.5,-81,1,7,6,1,2,119720,0,15,0,none,26
ZYRX,161,158,350,170,213,49,0.7,79,-4,10,18,0,11,349890,0,34,0,none,1
